source,metric,identity,metric_class,semantic_role,purpose,quality_definedness,current_named_use,normative_destinations,forbidden_use,review_note,normative_status,baseline_commit
correlation,last_price,correlation/last_price,direct_or_derived_measurement,RELATIONSHIP_STATE,Current price sample retained to form the return path.,Direct/derived fact remains valid when its stated source observations are valid; historical Maturity is not required unless the metric itself depends on history.,,Coordination/Coattail context; Causal relations; Opportunity/Valuation; Hindsight,"Do not infer causality, leadership, common operator, or exploitability from dependence.",,UNMAPPED_REVIEW,993c147ea9a3eb371c5b51d3210088bd8aec708a
correlation,observation_count,correlation/observation_count,direct_or_derived_measurement,RELATIONSHIP_STATE,"Support/provenance: number of retained price observations, not relationship strength.",Direct/derived fact remains valid when its stated source observations are valid; historical Maturity is not required unless the metric itself depends on history.,,Coordination/Coattail context; Causal relations; Opportunity/Valuation; Hindsight,"Do not infer causality, leadership, common operator, or exploitability from dependence.",,UNMAPPED_REVIEW,993c147ea9a3eb371c5b51d3210088bd8aec708a
correlation,signed_correlation,correlation/signed_correlation,derived_dimensionless,RELATIONSHIP_STATE,Direction and strength of contemporaneous return dependence for the evaluated relation/cohort.,Requires temporally valid path overlap/support appropriate to the statistic; missing support is not zero relationship.,Category:SystemicHerd,Category(current; review semantics); Coordination/Coattail context; Causal relations; Opportunity/Valuation; Hindsight,"Do not infer causality, leadership, common operator, or exploitability from dependence.",,KEEP_NAMED_USE,993c147ea9a3eb371c5b51d3210088bd8aec708a
correlation,absolute_correlation,correlation/absolute_correlation,derived_dimensionless,RELATIONSHIP_STATE,Magnitude of contemporaneous return dependence independent of sign.,Requires temporally valid path overlap/support appropriate to the statistic; missing support is not zero relationship.,,Coordination/Coattail context; Causal relations; Opportunity/Valuation; Hindsight,"Do not infer causality, leadership, common operator, or exploitability from dependence.",,UNMAPPED_REVIEW,993c147ea9a3eb371c5b51d3210088bd8aec708a
correlation,cohort_signed_correlation,correlation/cohort_signed_correlation,derived_dimensionless,RELATIONSHIP_STATE,Focal symbol's aggregate signed dependence to its explicit peer cohort.,Requires temporally valid path overlap/support appropriate to the statistic; missing support is not zero relationship.,Category:SystemicHerd,Category(current; review semantics); Coordination/Coattail context; Causal relations; Opportunity/Valuation; Hindsight,"Do not infer causality, leadership, common operator, or exploitability from dependence.",,KEEP_NAMED_USE,993c147ea9a3eb371c5b51d3210088bd8aec708a
correlation,cohort_absolute_correlation,correlation/cohort_absolute_correlation,derived_dimensionless,RELATIONSHIP_STATE,Focal symbol's aggregate dependence magnitude to its explicit peer cohort.,Requires temporally valid path overlap/support appropriate to the statistic; missing support is not zero relationship.,,Coordination/Coattail context; Causal relations; Opportunity/Valuation; Hindsight,"Do not infer causality, leadership, common operator, or exploitability from dependence.",,UNMAPPED_REVIEW,993c147ea9a3eb371c5b51d3210088bd8aec708a
correlation,covariance,correlation/covariance,derived_measurement,RELATIONSHIP_STATE,"Unnormalised shared return variation; diagnostic/derivation input, not cross-symbol score.",Direct/derived fact remains valid when its stated source observations are valid; historical Maturity is not required unless the metric itself depends on history.,,Coordination/Coattail context; Causal relations; Opportunity/Valuation; Hindsight,"Do not infer causality, leadership, common operator, or exploitability from dependence.",,UNMAPPED_REVIEW,993c147ea9a3eb371c5b51d3210088bd8aec708a
correlation,return_energy:reference,correlation/return_energy:reference,direct_or_derived_measurement,RELATIONSHIP_STATE,"Integrated return variation for the reference path; denominator/support geometry for dependence, not alpha.",Requires temporally valid path overlap/support appropriate to the statistic; missing support is not zero relationship.,,Coordination/Coattail context; Causal relations; Opportunity/Valuation; Hindsight,"Do not infer causality, leadership, common operator, or exploitability from dependence.",,UNMAPPED_REVIEW,993c147ea9a3eb371c5b51d3210088bd8aec708a
correlation,return_energy:measured,correlation/return_energy:measured,direct_or_derived_measurement,RELATIONSHIP_STATE,"Integrated return variation for the measured path; denominator/support geometry for dependence, not alpha.",Requires temporally valid path overlap/support appropriate to the statistic; missing support is not zero relationship.,,Coordination/Coattail context; Causal relations; Opportunity/Valuation; Hindsight,"Do not infer causality, leadership, common operator, or exploitability from dependence.",,UNMAPPED_REVIEW,993c147ea9a3eb371c5b51d3210088bd8aec708a
correlation,return_energy_rate:reference,correlation/return_energy_rate:reference,temporal_dynamic_or_rate,RELATIONSHIP_STATE,"Return quadratic-variation rate over shared time; measures movement energy per event time, not direction.",Requires temporally valid path overlap/support appropriate to the statistic; missing support is not zero relationship.,,Coordination/Coattail context; Causal relations; Opportunity/Valuation; Hindsight,"Do not infer causality, leadership, common operator, or exploitability from dependence.",,UNMAPPED_REVIEW,993c147ea9a3eb371c5b51d3210088bd8aec708a
correlation,return_energy_rate:measured,correlation/return_energy_rate:measured,temporal_dynamic_or_rate,RELATIONSHIP_STATE,"Return quadratic-variation rate over shared time; measures movement energy per event time, not direction.",Requires temporally valid path overlap/support appropriate to the statistic; missing support is not zero relationship.,,Coordination/Coattail context; Causal relations; Opportunity/Valuation; Hindsight,"Do not infer causality, leadership, common operator, or exploitability from dependence.",,UNMAPPED_REVIEW,993c147ea9a3eb371c5b51d3210088bd8aec708a
correlation,peer_return_energy_rate,correlation/peer_return_energy_rate,temporal_dynamic_or_rate,RELATIONSHIP_STATE,"Return quadratic-variation rate over shared time; measures movement energy per event time, not direction.",Requires temporally valid path overlap/support appropriate to the statistic; missing support is not zero relationship.,,Coordination/Coattail context; Causal relations; Opportunity/Valuation; Hindsight,"Do not infer causality, leadership, common operator, or exploitability from dependence.",,UNMAPPED_REVIEW,993c147ea9a3eb371c5b51d3210088bd8aec708a
correlation,focal_return_energy_rate,correlation/focal_return_energy_rate,temporal_dynamic_or_rate,RELATIONSHIP_STATE,"Return quadratic-variation rate over shared time; measures movement energy per event time, not direction.",Requires temporally valid path overlap/support appropriate to the statistic; missing support is not zero relationship.,,Coordination/Coattail context; Causal relations; Opportunity/Valuation; Hindsight,"Do not infer causality, leadership, common operator, or exploitability from dependence.",,UNMAPPED_REVIEW,993c147ea9a3eb371c5b51d3210088bd8aec708a
correlation,supported_return_count:measured,correlation/supported_return_count:measured,support_or_inference,ESTIMABILITY,Number of supported return increments on that path; inference support only.,Controls estimability/uncertainty of an inference. Never directional evidence and never a hand-tuned weight.,,Coordination/Coattail context; Causal relations; Opportunity/Valuation; Hindsight; Estimator/valuation definedness and uncertainty,"Do not infer causality, leadership, common operator, or exploitability from dependence. Do not use support/p-value/SE/sample count as directional evidence or multiply it into the observed value.",,UNMAPPED_REVIEW,993c147ea9a3eb371c5b51d3210088bd8aec708a
correlation,supported_return_count:reference,correlation/supported_return_count:reference,support_or_inference,ESTIMABILITY,Number of supported return increments on that path; inference support only.,Controls estimability/uncertainty of an inference. Never directional evidence and never a hand-tuned weight.,,Coordination/Coattail context; Causal relations; Opportunity/Valuation; Hindsight; Estimator/valuation definedness and uncertainty,"Do not infer causality, leadership, common operator, or exploitability from dependence. Do not use support/p-value/SE/sample count as directional evidence or multiply it into the observed value.",,UNMAPPED_REVIEW,993c147ea9a3eb371c5b51d3210088bd8aec708a
correlation,shared_time,correlation/shared_time,derived_measurement,RELATIONSHIP_STATE,Elapsed time jointly represented by the compared paths; support provenance.,Direct/derived fact remains valid when its stated source observations are valid; historical Maturity is not required unless the metric itself depends on history.,,Coordination/Coattail context; Causal relations; Opportunity/Valuation; Hindsight,"Do not infer causality, leadership, common operator, or exploitability from dependence.",,UNMAPPED_REVIEW,993c147ea9a3eb371c5b51d3210088bd8aec708a
correlation,overlap_density,correlation/overlap_density,derived_measurement,RELATIONSHIP_STATE,Density of supported return overlap in shared time; sampling/support context.,Requires temporally valid path overlap/support appropriate to the statistic; missing support is not zero relationship.,,Coordination/Coattail context; Causal relations; Opportunity/Valuation; Hindsight,"Do not infer causality, leadership, common operator, or exploitability from dependence.",,UNMAPPED_REVIEW,993c147ea9a3eb371c5b51d3210088bd8aec708a
correlation,overlap_pair_count,correlation/overlap_pair_count,support_or_inference,ESTIMABILITY,Number of matched return pairs used by the dependence estimate; support only.,Controls estimability/uncertainty of an inference. Never directional evidence and never a hand-tuned weight.,,Coordination/Coattail context; Causal relations; Opportunity/Valuation; Hindsight; Estimator/valuation definedness and uncertainty,"Do not infer causality, leadership, common operator, or exploitability from dependence. Do not use support/p-value/SE/sample count as directional evidence or multiply it into the observed value.",,UNMAPPED_REVIEW,993c147ea9a3eb371c5b51d3210088bd8aec708a
correlation,effective_sample_count,correlation/effective_sample_count,support_or_inference,ESTIMABILITY,Effective independent support for correlation inference; informs uncertainty/definedness.,Controls estimability/uncertainty of an inference. Never directional evidence and never a hand-tuned weight.,,Coordination/Coattail context; Causal relations; Opportunity/Valuation; Hindsight; Estimator/valuation definedness and uncertainty,"Do not infer causality, leadership, common operator, or exploitability from dependence. Do not use support/p-value/SE/sample count as directional evidence or multiply it into the observed value.",,UNMAPPED_REVIEW,993c147ea9a3eb371c5b51d3210088bd8aec708a
correlation,correlation_p_value,correlation/correlation_p_value,support_or_inference,ESTIMABILITY,"Inferential p-value for the measured correlation under its stated assumptions; reliability evidence, not trading probability.",Controls estimability/uncertainty of an inference. Never directional evidence and never a hand-tuned weight.,,Coordination/Coattail context; Causal relations; Opportunity/Valuation; Hindsight; Estimator/valuation definedness and uncertainty,"Do not infer causality, leadership, common operator, or exploitability from dependence. Do not use support/p-value/SE/sample count as directional evidence or multiply it into the observed value.",,UNMAPPED_REVIEW,993c147ea9a3eb371c5b51d3210088bd8aec708a
correlation,correlation_standard_error_fisher,correlation/correlation_standard_error_fisher,support_or_inference,ESTIMABILITY,Fisher-space standard error of correlation; uncertainty of the estimate.,Controls estimability/uncertainty of an inference. Never directional evidence and never a hand-tuned weight.,,Coordination/Coattail context; Causal relations; Opportunity/Valuation; Hindsight; Estimator/valuation definedness and uncertainty,"Do not infer causality, leadership, common operator, or exploitability from dependence. Do not use support/p-value/SE/sample count as directional evidence or multiply it into the observed value.",,UNMAPPED_REVIEW,993c147ea9a3eb371c5b51d3210088bd8aec708a
correlation,cohort_peer_count,correlation/cohort_peer_count,direct_or_derived_measurement,RELATIONSHIP_STATE,"Number of explicit peers represented; cohort provenance, not evidence weight.",Direct/derived fact remains valid when its stated source observations are valid; historical Maturity is not required unless the metric itself depends on history.,,Coordination/Coattail context; Causal relations; Opportunity/Valuation; Hindsight,"Do not infer causality, leadership, common operator, or exploitability from dependence.",,UNMAPPED_REVIEW,993c147ea9a3eb371c5b51d3210088bd8aec708a
correlation,cohort_correlation_dispersion,correlation/cohort_correlation_dispersion,derived_dimensionless,RELATIONSHIP_STATE,Heterogeneity of focal correlations across peers; distinguishes one common relationship from mixed peer coupling.,Requires temporally valid path overlap/support appropriate to the statistic; missing support is not zero relationship.,Category:DivergentStress,Category(current; review semantics); Coordination/Coattail context; Causal relations; Opportunity/Valuation; Hindsight,"Do not infer causality, leadership, common operator, or exploitability from dependence.",,KEEP_NAMED_USE,993c147ea9a3eb371c5b51d3210088bd8aec708a
correlation,cohort_effective_peer_count,correlation/cohort_effective_peer_count,direct_or_derived_measurement,RELATIONSHIP_STATE,Effective peer support after dependence/weighting; uncertainty/support provenance.,Direct/derived fact remains valid when its stated source observations are valid; historical Maturity is not required unless the metric itself depends on history.,,Coordination/Coattail context; Causal relations; Opportunity/Valuation; Hindsight,"Do not infer causality, leadership, common operator, or exploitability from dependence.",,UNMAPPED_REVIEW,993c147ea9a3eb371c5b51d3210088bd8aec708a
correlation,relative_return_energy,correlation/relative_return_energy,direct_or_derived_measurement,RELATIONSHIP_STATE,Focal-vs-peer return-energy ratio/contrast describing relative movement magnitude.,Requires temporally valid path overlap/support appropriate to the statistic; missing support is not zero relationship.,,Coordination/Coattail context; Causal relations; Opportunity/Valuation; Hindsight,"Do not infer causality, leadership, common operator, or exploitability from dependence.",,UNMAPPED_REVIEW,993c147ea9a3eb371c5b51d3210088bd8aec708a
correlation,relative_cohort_return_energy,correlation/relative_cohort_return_energy,direct_or_derived_measurement,RELATIONSHIP_STATE,Focal-vs-cohort return-energy contrast.,Requires temporally valid path overlap/support appropriate to the statistic; missing support is not zero relationship.,,Coordination/Coattail context; Causal relations; Opportunity/Valuation; Hindsight,"Do not infer causality, leadership, common operator, or exploitability from dependence.",,UNMAPPED_REVIEW,993c147ea9a3eb371c5b51d3210088bd8aec708a
correlation,correlation_baseline,correlation/correlation_baseline,historical_reference,CONTEXT_OR_MODEL_FEATURE,Causal historical reference level of correlation for this relation.,Requires prior causal estimator/state appropriate to the metric; undefined until that prerequisite exists.,,Coordination/Coattail context; Causal relations; Opportunity/Valuation; Hindsight,"Do not infer causality, leadership, common operator, or exploitability from dependence. Baseline is reference state, not a trading signal.",,UNMAPPED_REVIEW,993c147ea9a3eb371c5b51d3210088bd8aec708a
correlation,correlation_divergence,correlation/correlation_divergence,historical_comparison,CONTEXT_OR_MODEL_FEATURE,Current correlation departure from its causal historical reference.,Requires prior causal estimator/state appropriate to the metric; undefined until that prerequisite exists.,Category:DivergentStress,Category(current; review semantics); Coordination/Coattail context; Causal relations; Opportunity/Valuation; Hindsight,"Do not infer causality, leadership, common operator, or exploitability from dependence.",,KEEP_NAMED_USE,993c147ea9a3eb371c5b51d3210088bd8aec708a
correlation,correlation_zscore,correlation/correlation_zscore,standardized_historical_comparison,CONTEXT_OR_MODEL_FEATURE,Standardized unusualness of current correlation relative to its own history.,"Requires a causal baseline/noise model. Definedness and estimator support matter; magnitude is unusualness, not probability.",Category:StochasticNoise,Category(current; review semantics); Coordination/Coattail context; Causal relations; Opportunity/Valuation; Hindsight,"Do not infer causality, leadership, common operator, or exploitability from dependence. Z-score is standardized unusualness, not probability/confidence and not a universal [0,1] weight.",,KEEP_NAMED_USE,993c147ea9a3eb371c5b51d3210088bd8aec708a
correlation,correlation_velocity,correlation/correlation_velocity,temporal_dynamic_or_rate,CONTEXT_OR_MODEL_FEATURE,Rate at which the current correlation state is changing.,Requires prior causal estimator/state appropriate to the metric; undefined until that prerequisite exists.,,Coordination/Coattail context; Causal relations; Opportunity/Valuation; Hindsight,"Do not infer causality, leadership, common operator, or exploitability from dependence.",,UNMAPPED_REVIEW,993c147ea9a3eb371c5b51d3210088bd8aec708a
correlation,relative_return_energy_baseline,correlation/relative_return_energy_baseline,historical_reference,CONTEXT_OR_MODEL_FEATURE,Causal historical reference for relative return energy.,Requires prior causal estimator/state appropriate to the metric; undefined until that prerequisite exists.,,Coordination/Coattail context; Causal relations; Opportunity/Valuation; Hindsight,"Do not infer causality, leadership, common operator, or exploitability from dependence. Baseline is reference state, not a trading signal.",,UNMAPPED_REVIEW,993c147ea9a3eb371c5b51d3210088bd8aec708a
correlation,relative_return_energy_divergence,correlation/relative_return_energy_divergence,historical_comparison,CONTEXT_OR_MODEL_FEATURE,Departure of focal-vs-peer movement energy from its historical reference.,Requires prior causal estimator/state appropriate to the metric; undefined until that prerequisite exists.,Category:DecoupledAlpha,Category(current; review semantics); Coordination/Coattail context; Causal relations; Opportunity/Valuation; Hindsight,"Do not infer causality, leadership, common operator, or exploitability from dependence.",,KEEP_NAMED_USE,993c147ea9a3eb371c5b51d3210088bd8aec708a
correlation,relative_return_energy_zscore,correlation/relative_return_energy_zscore,standardized_historical_comparison,CONTEXT_OR_MODEL_FEATURE,Standardized unusualness of relative movement energy.,"Requires a causal baseline/noise model. Definedness and estimator support matter; magnitude is unusualness, not probability.",Category:DecoupledAlpha,Category(current; review semantics); Coordination/Coattail context; Causal relations; Opportunity/Valuation; Hindsight,"Do not infer causality, leadership, common operator, or exploitability from dependence. Z-score is standardized unusualness, not probability/confidence and not a universal [0,1] weight.",,KEEP_NAMED_USE,993c147ea9a3eb371c5b51d3210088bd8aec708a
correlation,relative_return_energy_velocity,correlation/relative_return_energy_velocity,temporal_dynamic_or_rate,CONTEXT_OR_MODEL_FEATURE,Rate of change of relative movement energy.,Requires prior causal estimator/state appropriate to the metric; undefined until that prerequisite exists.,,Coordination/Coattail context; Causal relations; Opportunity/Valuation; Hindsight,"Do not infer causality, leadership, common operator, or exploitability from dependence.",,UNMAPPED_REVIEW,993c147ea9a3eb371c5b51d3210088bd8aec708a
cvd,trade_count,cvd/trade_count,direct_or_derived_measurement,FLOW_STATE,Executed trade-event count over the retained interval.,Direct/derived fact remains valid when its stated source observations are valid; historical Maturity is not required unless the metric itself depends on history.,,Flow context; Causal relations; Opportunity/Valuation; Hindsight,Do not label aggressive flow as pressure/confirmation/absorption or forecast direction from it alone.,,UNMAPPED_REVIEW,993c147ea9a3eb371c5b51d3210088bd8aec708a
cvd,trade_count:buy,cvd/trade_count:buy,direct_or_derived_measurement,FLOW_STATE,Executed trade-event count on the buy aggressor side.,Direct/derived fact remains valid when its stated source observations are valid; historical Maturity is not required unless the metric itself depends on history.,,Flow context; Causal relations; Opportunity/Valuation; Hindsight,Do not label aggressive flow as pressure/confirmation/absorption or forecast direction from it alone.,,UNMAPPED_REVIEW,993c147ea9a3eb371c5b51d3210088bd8aec708a
cvd,trade_count:sell,cvd/trade_count:sell,direct_or_derived_measurement,FLOW_STATE,Executed trade-event count on the sell aggressor side.,Direct/derived fact remains valid when its stated source observations are valid; historical Maturity is not required unless the metric itself depends on history.,,Flow context; Causal relations; Opportunity/Valuation; Hindsight,Do not label aggressive flow as pressure/confirmation/absorption or forecast direction from it alone.,,UNMAPPED_REVIEW,993c147ea9a3eb371c5b51d3210088bd8aec708a
cvd,signed_count_fraction,cvd/signed_count_fraction,derived_dimensionless,FLOW_STATE,Aggressor-side imbalance by event count; separates event-frequency imbalance from economic-size imbalance.,Direct/derived fact remains valid when its stated source observations are valid; historical Maturity is not required unless the metric itself depends on history.,,Flow context; Causal relations; Opportunity/Valuation; Hindsight,Do not label aggressive flow as pressure/confirmation/absorption or forecast direction from it alone.,,UNMAPPED_REVIEW,993c147ea9a3eb371c5b51d3210088bd8aec708a
cvd,executed_quantity:buy,cvd/executed_quantity:buy,direct_or_derived_measurement,FLOW_STATE,Executed base quantity on the buy aggressor side.,Direct/derived fact remains valid when its stated source observations are valid; historical Maturity is not required unless the metric itself depends on history.,,Flow context; Causal relations; Opportunity/Valuation; Hindsight,Do not label aggressive flow as pressure/confirmation/absorption or forecast direction from it alone.,,UNMAPPED_REVIEW,993c147ea9a3eb371c5b51d3210088bd8aec708a
cvd,executed_quantity:sell,cvd/executed_quantity:sell,direct_or_derived_measurement,FLOW_STATE,Executed base quantity on the sell aggressor side.,Direct/derived fact remains valid when its stated source observations are valid; historical Maturity is not required unless the metric itself depends on history.,,Flow context; Causal relations; Opportunity/Valuation; Hindsight,Do not label aggressive flow as pressure/confirmation/absorption or forecast direction from it alone.,,UNMAPPED_REVIEW,993c147ea9a3eb371c5b51d3210088bd8aec708a
cvd,gross_executed_quantity,cvd/gross_executed_quantity,direct_or_derived_measurement,FLOW_STATE,Total executed base quantity independent of side.,Direct/derived fact remains valid when its stated source observations are valid; historical Maturity is not required unless the metric itself depends on history.,,Flow context; Causal relations; Opportunity/Valuation; Hindsight,Do not label aggressive flow as pressure/confirmation/absorption or forecast direction from it alone.,,UNMAPPED_REVIEW,993c147ea9a3eb371c5b51d3210088bd8aec708a
cvd,net_executed_quantity,cvd/net_executed_quantity,direct_or_derived_measurement,FLOW_STATE,Signed executed base-quantity imbalance.,Direct/derived fact remains valid when its stated source observations are valid; historical Maturity is not required unless the metric itself depends on history.,,Flow context; Causal relations; Opportunity/Valuation; Hindsight,Do not label aggressive flow as pressure/confirmation/absorption or forecast direction from it alone.,,UNMAPPED_REVIEW,993c147ea9a3eb371c5b51d3210088bd8aec708a
cvd,aggressive_notional:buy,cvd/aggressive_notional:buy,direct_or_derived_measurement,FLOW_STATE,Executed quote-currency notional initiated on the buy side.,Direct/derived fact remains valid when its stated source observations are valid; historical Maturity is not required unless the metric itself depends on history.,,Flow context; Causal relations; Opportunity/Valuation; Hindsight,Do not label aggressive flow as pressure/confirmation/absorption or forecast direction from it alone.,,UNMAPPED_REVIEW,993c147ea9a3eb371c5b51d3210088bd8aec708a
cvd,aggressive_notional:sell,cvd/aggressive_notional:sell,direct_or_derived_measurement,FLOW_STATE,Executed quote-currency notional initiated on the sell side.,Direct/derived fact remains valid when its stated source observations are valid; historical Maturity is not required unless the metric itself depends on history.,,Flow context; Causal relations; Opportunity/Valuation; Hindsight,Do not label aggressive flow as pressure/confirmation/absorption or forecast direction from it alone.,,UNMAPPED_REVIEW,993c147ea9a3eb371c5b51d3210088bd8aec708a
cvd,gross_notional,cvd/gross_notional,direct_or_derived_measurement,FLOW_STATE,Total executed economic notional independent of side.,Direct/derived fact remains valid when its stated source observations are valid; historical Maturity is not required unless the metric itself depends on history.,,Flow context; Causal relations; Opportunity/Valuation; Hindsight,Do not label aggressive flow as pressure/confirmation/absorption or forecast direction from it alone.,,UNMAPPED_REVIEW,993c147ea9a3eb371c5b51d3210088bd8aec708a
cvd,net_notional,cvd/net_notional,direct_or_derived_measurement,FLOW_STATE,Signed aggressive executed notional.,Direct/derived fact remains valid when its stated source observations are valid; historical Maturity is not required unless the metric itself depends on history.,,Flow context; Causal relations; Opportunity/Valuation; Hindsight,Do not label aggressive flow as pressure/confirmation/absorption or forecast direction from it alone.,,UNMAPPED_REVIEW,993c147ea9a3eb371c5b51d3210088bd8aec708a
cvd,signed_net_fraction,cvd/signed_net_fraction,derived_dimensionless,FLOW_STATE,Scale-free signed share of gross aggressive notional; primary directional executed-flow state.,Direct/derived fact remains valid when its stated source observations are valid; historical Maturity is not required unless the metric itself depends on history.,,Flow context; Causal relations; Opportunity/Valuation; Hindsight,Do not label aggressive flow as pressure/confirmation/absorption or forecast direction from it alone.,,UNMAPPED_REVIEW,993c147ea9a3eb371c5b51d3210088bd8aec708a
cvd,mean_trade_notional,cvd/mean_trade_notional,direct_or_derived_measurement,FLOW_STATE,Mean economic size per execution; separates many-small from few-large trade activity.,Direct/derived fact remains valid when its stated source observations are valid; historical Maturity is not required unless the metric itself depends on history.,,Flow context; Causal relations; Opportunity/Valuation; Hindsight,Do not label aggressive flow as pressure/confirmation/absorption or forecast direction from it alone.,,UNMAPPED_REVIEW,993c147ea9a3eb371c5b51d3210088bd8aec708a
cvd,trade_rate,cvd/trade_rate,temporal_dynamic_or_rate,FLOW_STATE,Execution event frequency per second.,Direct/derived fact remains valid when its stated source observations are valid; historical Maturity is not required unless the metric itself depends on history.,,Flow context; Causal relations; Opportunity/Valuation; Hindsight,Do not label aggressive flow as pressure/confirmation/absorption or forecast direction from it alone.,,UNMAPPED_REVIEW,993c147ea9a3eb371c5b51d3210088bd8aec708a
cvd,gross_notional_rate,cvd/gross_notional_rate,temporal_dynamic_or_rate,FLOW_STATE,Total aggressive economic throughput per second.,Direct/derived fact remains valid when its stated source observations are valid; historical Maturity is not required unless the metric itself depends on history.,,Flow context; Causal relations; Opportunity/Valuation; Hindsight,Do not label aggressive flow as pressure/confirmation/absorption or forecast direction from it alone.,,UNMAPPED_REVIEW,993c147ea9a3eb371c5b51d3210088bd8aec708a
cvd,net_notional_rate,cvd/net_notional_rate,temporal_dynamic_or_rate,FLOW_STATE,Signed aggressive notional accumulation per second.,Direct/derived fact remains valid when its stated source observations are valid; historical Maturity is not required unless the metric itself depends on history.,,Flow context; Causal relations; Opportunity/Valuation; Hindsight,Do not label aggressive flow as pressure/confirmation/absorption or forecast direction from it alone.,,UNMAPPED_REVIEW,993c147ea9a3eb371c5b51d3210088bd8aec708a
cvd,buy_notional_rate,cvd/buy_notional_rate,temporal_dynamic_or_rate,FLOW_STATE,Aggressive buy notional throughput per second.,Direct/derived fact remains valid when its stated source observations are valid; historical Maturity is not required unless the metric itself depends on history.,,Flow context; Causal relations; Opportunity/Valuation; Hindsight,Do not label aggressive flow as pressure/confirmation/absorption or forecast direction from it alone.,,UNMAPPED_REVIEW,993c147ea9a3eb371c5b51d3210088bd8aec708a
cvd,sell_notional_rate,cvd/sell_notional_rate,temporal_dynamic_or_rate,FLOW_STATE,Aggressive sell notional throughput per second.,Direct/derived fact remains valid when its stated source observations are valid; historical Maturity is not required unless the metric itself depends on history.,,Flow context; Causal relations; Opportunity/Valuation; Hindsight,Do not label aggressive flow as pressure/confirmation/absorption or forecast direction from it alone.,,UNMAPPED_REVIEW,993c147ea9a3eb371c5b51d3210088bd8aec708a
cvd,cumulative_volume_delta,cvd/cumulative_volume_delta,derived_measurement,FLOW_STATE,"Epoch-anchored cumulative signed base quantity; use interval differences, never compare arbitrary epochs.",Direct/derived fact remains valid when its stated source observations are valid; historical Maturity is not required unless the metric itself depends on history.,,Flow context; Causal relations; Opportunity/Valuation; Hindsight,Do not label aggressive flow as pressure/confirmation/absorption or forecast direction from it alone.,,UNMAPPED_REVIEW,993c147ea9a3eb371c5b51d3210088bd8aec708a
cvd,cumulative_notional_delta,cvd/cumulative_notional_delta,direct_or_derived_measurement,FLOW_STATE,"Epoch-anchored cumulative signed notional; use interval differences, never compare arbitrary epochs.",Direct/derived fact remains valid when its stated source observations are valid; historical Maturity is not required unless the metric itself depends on history.,,Flow context; Causal relations; Opportunity/Valuation; Hindsight,Do not label aggressive flow as pressure/confirmation/absorption or forecast direction from it alone.,,UNMAPPED_REVIEW,993c147ea9a3eb371c5b51d3210088bd8aec708a
cvd,cvd_epoch_from,cvd/cvd_epoch_from,derived_measurement,FLOW_STATE,Origin/provenance of cumulative CVD state.,Direct/derived fact remains valid when its stated source observations are valid; historical Maturity is not required unless the metric itself depends on history.,,Flow context; Causal relations; Opportunity/Valuation; Hindsight,Do not label aggressive flow as pressure/confirmation/absorption or forecast direction from it alone.,,UNMAPPED_REVIEW,993c147ea9a3eb371c5b51d3210088bd8aec708a
cvd,signed_net_fraction_baseline,cvd/signed_net_fraction_baseline,historical_reference,CONTEXT_OR_MODEL_FEATURE,Causal historical reference for `signed_net_fraction`.,Requires prior causal estimator/state appropriate to the metric; undefined until that prerequisite exists.,,Flow context; Causal relations; Opportunity/Valuation; Hindsight,"Do not label aggressive flow as pressure/confirmation/absorption or forecast direction from it alone. Baseline is reference state, not a trading signal.",,UNMAPPED_REVIEW,993c147ea9a3eb371c5b51d3210088bd8aec708a
cvd,signed_net_fraction_divergence,cvd/signed_net_fraction_divergence,historical_comparison,CONTEXT_OR_MODEL_FEATURE,Current departure of the underlying `signed_net_fraction_divergence` quantity from its causal historical reference.,Requires prior causal estimator/state appropriate to the metric; undefined until that prerequisite exists.,Category:AggressiveDrive,Category(current; review semantics); Flow context; Causal relations; Opportunity/Valuation; Hindsight,Do not label aggressive flow as pressure/confirmation/absorption or forecast direction from it alone.,,KEEP_NAMED_USE,993c147ea9a3eb371c5b51d3210088bd8aec708a
cvd,signed_net_fraction_zscore,cvd/signed_net_fraction_zscore,standardized_historical_comparison,CONTEXT_OR_MODEL_FEATURE,Standardized historical unusualness of the underlying `signed_net_fraction_zscore` quantity.,"Requires a causal baseline/noise model. Definedness and estimator support matter; magnitude is unusualness, not probability.","Category:AggressiveDrive,VerticalIgnition; advisor:historical",Category(current; review semantics); advisor:historical; Flow context; Causal relations; Opportunity/Valuation; Hindsight,"Do not label aggressive flow as pressure/confirmation/absorption or forecast direction from it alone. Z-score is standardized unusualness, not probability/confidence and not a universal [0,1] weight.",,KEEP_NAMED_USE,993c147ea9a3eb371c5b51d3210088bd8aec708a
cvd,gross_notional_rate_baseline,cvd/gross_notional_rate_baseline,historical_reference,CONTEXT_OR_MODEL_FEATURE,Causal historical reference for `gross_notional_rate`.,Requires prior causal estimator/state appropriate to the metric; undefined until that prerequisite exists.,,Flow context; Causal relations; Opportunity/Valuation; Hindsight,"Do not label aggressive flow as pressure/confirmation/absorption or forecast direction from it alone. Baseline is reference state, not a trading signal.",,UNMAPPED_REVIEW,993c147ea9a3eb371c5b51d3210088bd8aec708a
cvd,gross_notional_rate_ratio,cvd/gross_notional_rate_ratio,derived_dimensionless,FLOW_STATE,Scale-free ratio form of the underlying `gross_notional_rate_ratio` quantity for contextual/historical comparison.,Direct/derived fact remains valid when its stated source observations are valid; historical Maturity is not required unless the metric itself depends on history.,,Flow context; Causal relations; Opportunity/Valuation; Hindsight,Do not label aggressive flow as pressure/confirmation/absorption or forecast direction from it alone.,,UNMAPPED_REVIEW,993c147ea9a3eb371c5b51d3210088bd8aec708a
cvd,gross_notional_rate_divergence,cvd/gross_notional_rate_divergence,historical_comparison,CONTEXT_OR_MODEL_FEATURE,Current departure of the underlying `gross_notional_rate_divergence` quantity from its causal historical reference.,Requires prior causal estimator/state appropriate to the metric; undefined until that prerequisite exists.,Category:VolumeStarvation,Category(current; review semantics); Flow context; Causal relations; Opportunity/Valuation; Hindsight,Do not label aggressive flow as pressure/confirmation/absorption or forecast direction from it alone.,REVIEW: divergence sign/transform must be explicit before mapping to VolumeStarvation.,KEEP_REVIEW_CURRENT_USE,993c147ea9a3eb371c5b51d3210088bd8aec708a
cvd,gross_notional_rate_zscore,cvd/gross_notional_rate_zscore,standardized_historical_comparison,CONTEXT_OR_MODEL_FEATURE,Standardized historical unusualness of the underlying `gross_notional_rate_zscore` quantity.,"Requires a causal baseline/noise model. Definedness and estimator support matter; magnitude is unusualness, not probability.",Category:HiddenAbsorption,Category(current; review semantics); Flow context; Causal relations; Opportunity/Valuation; Hindsight,"Do not label aggressive flow as pressure/confirmation/absorption or forecast direction from it alone. Z-score is standardized unusualness, not probability/confidence and not a universal [0,1] weight.",REVIEW: high flow-rate unusualness alone does not establish HiddenAbsorption.,KEEP_REVIEW_CURRENT_USE,993c147ea9a3eb371c5b51d3210088bd8aec708a
cvd,net_notional_rate_velocity,cvd/net_notional_rate_velocity,temporal_dynamic_or_rate,CONTEXT_OR_MODEL_FEATURE,Event-time rate of change of the underlying `net_notional_rate_velocity` state.,Requires prior causal estimator/state appropriate to the metric; undefined until that prerequisite exists.,,Flow context; Causal relations; Opportunity/Valuation; Hindsight,Do not label aggressive flow as pressure/confirmation/absorption or forecast direction from it alone.,,UNMAPPED_REVIEW,993c147ea9a3eb371c5b51d3210088bd8aec708a
cvd,gross_notional_rate_velocity,cvd/gross_notional_rate_velocity,temporal_dynamic_or_rate,CONTEXT_OR_MODEL_FEATURE,Event-time rate of change of the underlying `gross_notional_rate_velocity` state.,Requires prior causal estimator/state appropriate to the metric; undefined until that prerequisite exists.,,Flow context; Causal relations; Opportunity/Valuation; Hindsight,Do not label aggressive flow as pressure/confirmation/absorption or forecast direction from it alone.,,UNMAPPED_REVIEW,993c147ea9a3eb371c5b51d3210088bd8aec708a
cvd,response_midpoint:from,cvd/response_midpoint:from,direct_or_derived_measurement,FLOW_STATE,Causal quote midpoint associated with the start of the flow observation.,Direct/derived fact remains valid when its stated source observations are valid; historical Maturity is not required unless the metric itself depends on history.,,Flow context; Causal relations; Opportunity/Valuation; Hindsight,Do not label aggressive flow as pressure/confirmation/absorption or forecast direction from it alone.,,UNMAPPED_REVIEW,993c147ea9a3eb371c5b51d3210088bd8aec708a
cvd,response_midpoint:at,cvd/response_midpoint:at,direct_or_derived_measurement,FLOW_STATE,Causal quote midpoint at the current end of the flow observation.,Direct/derived fact remains valid when its stated source observations are valid; historical Maturity is not required unless the metric itself depends on history.,,Flow context; Causal relations; Opportunity/Valuation; Hindsight,Do not label aggressive flow as pressure/confirmation/absorption or forecast direction from it alone.,,UNMAPPED_REVIEW,993c147ea9a3eb371c5b51d3210088bd8aec708a
cvd,midpoint_log_return,cvd/midpoint_log_return,direct_or_derived_measurement,FLOW_STATE,"Midpoint price response over the flow interval, separated from execution price.",Direct/derived fact remains valid when its stated source observations are valid; historical Maturity is not required unless the metric itself depends on history.,,Flow context; Causal relations; Opportunity/Valuation; Hindsight,Do not label aggressive flow as pressure/confirmation/absorption or forecast direction from it alone.,,UNMAPPED_REVIEW,993c147ea9a3eb371c5b51d3210088bd8aec708a
cvd,midpoint_return_rate,cvd/midpoint_return_rate,temporal_dynamic_or_rate,FLOW_STATE,Event-time-normalized midpoint response.,Direct/derived fact remains valid when its stated source observations are valid; historical Maturity is not required unless the metric itself depends on history.,,Flow context; Causal relations; Opportunity/Valuation; Hindsight,Do not label aggressive flow as pressure/confirmation/absorption or forecast direction from it alone.,,UNMAPPED_REVIEW,993c147ea9a3eb371c5b51d3210088bd8aec708a
cvd,flow_aligned_midpoint_return,cvd/flow_aligned_midpoint_return,direct_or_derived_measurement,FLOW_STATE,"Midpoint return expressed in the direction of net aggressive flow; alignment fact, not confirmation or causation.",Direct/derived fact remains valid when its stated source observations are valid; historical Maturity is not required unless the metric itself depends on history.,Category:StochasticBalance,Category(current; review semantics); Flow context; Causal relations; Opportunity/Valuation; Hindsight,Do not label aggressive flow as pressure/confirmation/absorption or forecast direction from it alone.,,KEEP_NAMED_USE,993c147ea9a3eb371c5b51d3210088bd8aec708a
cvd,midpoint_response_per_net_notional,cvd/midpoint_response_per_net_notional,direct_or_derived_measurement,FLOW_STATE,"Price response per unit signed net notional; measures flow/response efficiency, undefined at zero net notional.",Direct/derived fact remains valid when its stated source observations are valid; historical Maturity is not required unless the metric itself depends on history.,Category:HiddenAbsorption,Category(current; review semantics); Flow context; Causal relations; Opportunity/Valuation; Hindsight,Do not label aggressive flow as pressure/confirmation/absorption or forecast direction from it alone.,REVIEW: response efficiency can contextualize absorption but does not itself label HiddenAbsorption.,KEEP_REVIEW_CURRENT_USE,993c147ea9a3eb371c5b51d3210088bd8aec708a
cvd,midpoint_return_rate_baseline,cvd/midpoint_return_rate_baseline,historical_reference,CONTEXT_OR_MODEL_FEATURE,Causal historical reference for `midpoint_return_rate`.,Requires prior causal estimator/state appropriate to the metric; undefined until that prerequisite exists.,,Flow context; Causal relations; Opportunity/Valuation; Hindsight,"Do not label aggressive flow as pressure/confirmation/absorption or forecast direction from it alone. Baseline is reference state, not a trading signal.",,UNMAPPED_REVIEW,993c147ea9a3eb371c5b51d3210088bd8aec708a
cvd,midpoint_return_rate_divergence,cvd/midpoint_return_rate_divergence,historical_comparison,CONTEXT_OR_MODEL_FEATURE,Current departure of the underlying `midpoint_return_rate_divergence` quantity from its causal historical reference.,Requires prior causal estimator/state appropriate to the metric; undefined until that prerequisite exists.,,Flow context; Causal relations; Opportunity/Valuation; Hindsight,Do not label aggressive flow as pressure/confirmation/absorption or forecast direction from it alone.,,UNMAPPED_REVIEW,993c147ea9a3eb371c5b51d3210088bd8aec708a
cvd,midpoint_return_rate_zscore,cvd/midpoint_return_rate_zscore,standardized_historical_comparison,CONTEXT_OR_MODEL_FEATURE,Standardized historical unusualness of the underlying `midpoint_return_rate_zscore` quantity.,"Requires a causal baseline/noise model. Definedness and estimator support matter; magnitude is unusualness, not probability.",Category:StochasticBalance,Category(current; review semantics); Flow context; Causal relations; Opportunity/Valuation; Hindsight,"Do not label aggressive flow as pressure/confirmation/absorption or forecast direction from it alone. Z-score is standardized unusualness, not probability/confidence and not a universal [0,1] weight.",,KEEP_NAMED_USE,993c147ea9a3eb371c5b51d3210088bd8aec708a
depthflow,observed_notional:bid,depthflow/observed_notional:bid,direct_or_derived_measurement,MUTATION_STATE,Notional carried by bid orders in this Level-3 message.,Direct event fact.,,Mutation context; Advisors; Categories; Hindsight,Do not interpret this message-local fact as total book depth.,,UNMAPPED_REVIEW,current
depthflow,observed_notional:ask,depthflow/observed_notional:ask,direct_or_derived_measurement,MUTATION_STATE,Notional carried by ask orders in this Level-3 message.,Direct event fact.,,Mutation context; Advisors; Categories; Hindsight,Do not interpret this message-local fact as total book depth.,,UNMAPPED_REVIEW,current
depthflow,observed_notional,depthflow/observed_notional,direct_or_derived_measurement,MUTATION_STATE,Total notional carried by orders in this Level-3 message.,Direct event fact.,,Mutation context; Advisors; Categories; Hindsight,Do not interpret this message-local fact as total book depth.,,UNMAPPED_REVIEW,current
depthflow,observed_notional_imbalance,depthflow/observed_notional_imbalance,derived_dimensionless,MUTATION_STATE,Bid-vs-ask imbalance among notionals present in this message.,Defined when observed notional is positive.,advisor:flow,Advisor:Flow; Mutation context; Hindsight,Do not interpret event imbalance as full-book imbalance or intent.,,KEEP_NAMED_USE,current
depthflow,add_notional:bid,depthflow/add_notional:bid,direct_or_derived_measurement,MUTATION_STATE,Notional of bid add events in this message.,Direct event fact.,,Mutation context; Hindsight,Do not infer persistence after this event.,,UNMAPPED_REVIEW,current
depthflow,add_notional:ask,depthflow/add_notional:ask,direct_or_derived_measurement,MUTATION_STATE,Notional of ask add events in this message.,Direct event fact.,,Mutation context; Hindsight,Do not infer persistence after this event.,,UNMAPPED_REVIEW,current
depthflow,modify_remaining_notional:bid,depthflow/modify_remaining_notional:bid,direct_or_derived_measurement,MUTATION_STATE,Remaining bid notional reported by modify events.,Direct event fact.,,Mutation context; Hindsight,This is remaining notional and not a change amount.,,UNMAPPED_REVIEW,current
depthflow,modify_remaining_notional:ask,depthflow/modify_remaining_notional:ask,direct_or_derived_measurement,MUTATION_STATE,Remaining ask notional reported by modify events.,Direct event fact.,,Mutation context; Hindsight,This is remaining notional and not a change amount.,,UNMAPPED_REVIEW,current
depthflow,delete_count:bid,depthflow/delete_count:bid,direct_or_derived_measurement,MUTATION_STATE,Number of bid delete events in this message.,Direct event fact.,,Mutation context; Hindsight,Removed notional is unknown without retaining order identity.,,UNMAPPED_REVIEW,current
depthflow,delete_count:ask,depthflow/delete_count:ask,direct_or_derived_measurement,MUTATION_STATE,Number of ask delete events in this message.,Direct event fact.,,Mutation context; Hindsight,Removed notional is unknown without retaining order identity.,,UNMAPPED_REVIEW,current
depthflow,mutation_count:bid,depthflow/mutation_count:bid,direct_or_derived_measurement,MUTATION_STATE,Number of bid mutations in this message.,Direct event fact.,,Mutation context; Hindsight,Count is activity and not direction or intent.,,UNMAPPED_REVIEW,current
depthflow,mutation_count:ask,depthflow/mutation_count:ask,direct_or_derived_measurement,MUTATION_STATE,Number of ask mutations in this message.,Direct event fact.,,Mutation context; Hindsight,Count is activity and not direction or intent.,,UNMAPPED_REVIEW,current
depthflow,mutation_activity_imbalance,depthflow/mutation_activity_imbalance,derived_dimensionless,MUTATION_STATE,Bid-vs-ask imbalance in mutation counts.,Defined when at least one mutation is present.,"Category:BookThinning; advisor:flow",Categories; Advisor:Flow; Hindsight,Count imbalance alone does not identify spoofing or intent.,,KEEP_NAMED_USE,current
depthflow,observed_notional_rate,depthflow/observed_notional_rate,temporal_dynamic_or_rate,MUTATION_STATE,Message-local observed notional per elapsed event second.,Requires a prior event time.,advisor:flow,Advisor:Flow; Mutation context; Hindsight,Do not interpret this rate as full-book turnover.,,KEEP_NAMED_USE,current
depthflow,observed_notional_imbalance_baseline,depthflow/observed_notional_imbalance_baseline,historical_reference,CONTEXT_OR_MODEL_FEATURE,Causal reference for observed notional imbalance.,Requires prior causal estimator state.,,Mutation context; Hindsight,Baseline is reference state and not probability.,,UNMAPPED_REVIEW,current
depthflow,observed_notional_imbalance_divergence,depthflow/observed_notional_imbalance_divergence,historical_comparison,CONTEXT_OR_MODEL_FEATURE,Departure from the causal observed-notional-imbalance reference.,Requires prior causal estimator state.,Category:LoadedImbalance,Categories; Hindsight,Divergence is not probability or confidence.,,KEEP_NAMED_USE,current
depthflow,observed_notional_imbalance_zscore,depthflow/observed_notional_imbalance_zscore,standardized_historical_comparison,CONTEXT_OR_MODEL_FEATURE,Standardized unusualness of observed notional imbalance.,Requires a causal baseline and dispersion.,"Category:LoadedImbalance,VerticalIgnition; advisor:flow,historical",Categories; Advisors; Hindsight,Z-score is unusualness and not probability.,,KEEP_NAMED_USE,current
depthflow,observed_notional_rate_baseline,depthflow/observed_notional_rate_baseline,historical_reference,CONTEXT_OR_MODEL_FEATURE,Causal reference for observed notional rate.,Requires prior causal estimator state.,,Mutation context; Hindsight,Baseline is reference state and not probability.,,UNMAPPED_REVIEW,current
depthflow,observed_notional_rate_divergence,depthflow/observed_notional_rate_divergence,historical_comparison,CONTEXT_OR_MODEL_FEATURE,Departure from the causal observed-notional-rate reference.,Requires prior causal estimator state.,,Mutation context; Hindsight,Divergence is not probability or confidence.,,UNMAPPED_REVIEW,current
depthflow,observed_notional_rate_zscore,depthflow/observed_notional_rate_zscore,standardized_historical_comparison,CONTEXT_OR_MODEL_FEATURE,Standardized unusualness of observed notional rate.,Requires a causal baseline and dispersion.,Category:DenseNeutrality,Categories; Hindsight,Z-score is unusualness and not probability.,,KEEP_NAMED_USE,current
derivatives,derivative_price,derivatives/derivative_price,direct_or_derived_measurement,DERIVATIVE_CONTEXT,Current derivative trade/last price.,Direct/derived fact remains valid when its stated source observations are valid; historical Maturity is not required unless the metric itself depends on history.,,Leverage/derivatives context; Opportunity/Valuation; Hindsight,"Do not infer squeeze, leverage health, deleveraging, price discovery, or convergence from one derivative metric.",,UNMAPPED_REVIEW,993c147ea9a3eb371c5b51d3210088bd8aec708a
derivatives,reference_price,derivatives/reference_price,direct_or_derived_measurement,DERIVATIVE_CONTEXT,Current explicitly supplied reference/index price.,Direct/derived fact remains valid when its stated source observations are valid; historical Maturity is not required unless the metric itself depends on history.,,Leverage/derivatives context; Opportunity/Valuation; Hindsight,"Do not infer squeeze, leverage health, deleveraging, price discovery, or convergence from one derivative metric.",,UNMAPPED_REVIEW,993c147ea9a3eb371c5b51d3210088bd8aec708a
derivatives,open_interest,derivatives/open_interest,direct_or_derived_measurement,DERIVATIVE_CONTEXT,Current open interest in contract units; absolute value needs contract-unit context.,Direct/derived fact remains valid when its stated source observations are valid; historical Maturity is not required unless the metric itself depends on history.,,Leverage/derivatives context; Opportunity/Valuation; Hindsight,"Do not infer squeeze, leverage health, deleveraging, price discovery, or convergence from one derivative metric.",,UNMAPPED_REVIEW,993c147ea9a3eb371c5b51d3210088bd8aec708a
derivatives,basis,derivatives/basis,direct_or_derived_measurement,DERIVATIVE_CONTEXT,Dimensionless derivative/reference price basis.,Direct/derived fact remains valid when its stated source observations are valid; historical Maturity is not required unless the metric itself depends on history.,,Leverage/derivatives context; Opportunity/Valuation; Hindsight,"Do not infer squeeze, leverage health, deleveraging, price discovery, or convergence from one derivative metric.",,UNMAPPED_REVIEW,993c147ea9a3eb371c5b51d3210088bd8aec708a
derivatives,log_basis,derivatives/log_basis,direct_or_derived_measurement,DERIVATIVE_CONTEXT,Log ratio of derivative to reference price; symmetric basis geometry.,Direct/derived fact remains valid when its stated source observations are valid; historical Maturity is not required unless the metric itself depends on history.,,Leverage/derivatives context; Opportunity/Valuation; Hindsight,"Do not infer squeeze, leverage health, deleveraging, price discovery, or convergence from one derivative metric.",,UNMAPPED_REVIEW,993c147ea9a3eb371c5b51d3210088bd8aec708a
derivatives,derivative_index_log_basis,derivatives/derivative_index_log_basis,direct_or_derived_measurement,DERIVATIVE_CONTEXT,Derivative vs index log basis; valid only with genuinely distinct legs.,Direct/derived fact remains valid when its stated source observations are valid; historical Maturity is not required unless the metric itself depends on history.,,Leverage/derivatives context; Opportunity/Valuation; Hindsight,"Do not infer squeeze, leverage health, deleveraging, price discovery, or convergence from one derivative metric.",,UNMAPPED_REVIEW,993c147ea9a3eb371c5b51d3210088bd8aec708a
derivatives,index_spot_log_basis,derivatives/index_spot_log_basis,direct_or_derived_measurement,DERIVATIVE_CONTEXT,Index vs spot log basis; valid only with genuinely distinct legs.,Direct/derived fact remains valid when its stated source observations are valid; historical Maturity is not required unless the metric itself depends on history.,,Leverage/derivatives context; Opportunity/Valuation; Hindsight,"Do not infer squeeze, leverage health, deleveraging, price discovery, or convergence from one derivative metric.",,UNMAPPED_REVIEW,993c147ea9a3eb371c5b51d3210088bd8aec708a
derivatives,derivative_spot_log_basis,derivatives/derivative_spot_log_basis,direct_or_derived_measurement,DERIVATIVE_CONTEXT,Derivative vs spot log basis; valid only with genuinely distinct legs.,Direct/derived fact remains valid when its stated source observations are valid; historical Maturity is not required unless the metric itself depends on history.,,Leverage/derivatives context; Opportunity/Valuation; Hindsight,"Do not infer squeeze, leverage health, deleveraging, price discovery, or convergence from one derivative metric.",,UNMAPPED_REVIEW,993c147ea9a3eb371c5b51d3210088bd8aec708a
derivatives,basis_closure_error,derivatives/basis_closure_error,direct_or_derived_measurement,DERIVATIVE_CONTEXT,"Three-leg basis consistency error; diagnostic of derivative/index/spot geometry, not alpha.",Direct/derived fact remains valid when its stated source observations are valid; historical Maturity is not required unless the metric itself depends on history.,,Leverage/derivatives context; Opportunity/Valuation; Hindsight,"Do not infer squeeze, leverage health, deleveraging, price discovery, or convergence from one derivative metric.",,UNMAPPED_REVIEW,993c147ea9a3eb371c5b51d3210088bd8aec708a
derivatives,open_interest_change,derivatives/open_interest_change,direct_or_derived_measurement,DERIVATIVE_CONTEXT,Absolute change in open interest; contract-scale quantity.,Direct/derived fact remains valid when its stated source observations are valid; historical Maturity is not required unless the metric itself depends on history.,,Leverage/derivatives context; Opportunity/Valuation; Hindsight,"Do not infer squeeze, leverage health, deleveraging, price discovery, or convergence from one derivative metric.",,UNMAPPED_REVIEW,993c147ea9a3eb371c5b51d3210088bd8aec708a
derivatives,open_interest_log_change,derivatives/open_interest_log_change,direct_or_derived_measurement,DERIVATIVE_CONTEXT,Scale-free log OI change.,Direct/derived fact remains valid when its stated source observations are valid; historical Maturity is not required unless the metric itself depends on history.,,Leverage/derivatives context; Opportunity/Valuation; Hindsight,"Do not infer squeeze, leverage health, deleveraging, price discovery, or convergence from one derivative metric.",,UNMAPPED_REVIEW,993c147ea9a3eb371c5b51d3210088bd8aec708a
derivatives,open_interest_growth_rate,derivatives/open_interest_growth_rate,temporal_dynamic_or_rate,DERIVATIVE_CONTEXT,Log OI growth per second.,Direct/derived fact remains valid when its stated source observations are valid; historical Maturity is not required unless the metric itself depends on history.,Category:LeveragedIgnition,Category(current; review semantics); Leverage/derivatives context; Opportunity/Valuation; Hindsight,"Do not infer squeeze, leverage health, deleveraging, price discovery, or convergence from one derivative metric.",,KEEP_NAMED_USE,993c147ea9a3eb371c5b51d3210088bd8aec708a
derivatives,open_interest_growth_velocity,derivatives/open_interest_growth_velocity,temporal_dynamic_or_rate,CONTEXT_OR_MODEL_FEATURE,Event-time rate of change of the underlying `open_interest_growth_velocity` state.,Requires prior causal estimator/state appropriate to the metric; undefined until that prerequisite exists.,,Leverage/derivatives context; Opportunity/Valuation; Hindsight,"Do not infer squeeze, leverage health, deleveraging, price discovery, or convergence from one derivative metric.",,UNMAPPED_REVIEW,993c147ea9a3eb371c5b51d3210088bd8aec708a
derivatives,open_interest_growth_baseline,derivatives/open_interest_growth_baseline,historical_reference,CONTEXT_OR_MODEL_FEATURE,Causal historical reference for `open_interest_growth`.,Requires prior causal estimator/state appropriate to the metric; undefined until that prerequisite exists.,,Leverage/derivatives context; Opportunity/Valuation; Hindsight,"Do not infer squeeze, leverage health, deleveraging, price discovery, or convergence from one derivative metric. Baseline is reference state, not a trading signal.",,UNMAPPED_REVIEW,993c147ea9a3eb371c5b51d3210088bd8aec708a
derivatives,open_interest_growth_zscore,derivatives/open_interest_growth_zscore,standardized_historical_comparison,CONTEXT_OR_MODEL_FEATURE,Standardized historical unusualness of the underlying `open_interest_growth_zscore` quantity.,"Requires a causal baseline/noise model. Definedness and estimator support matter; magnitude is unusualness, not probability.",Category:LeveragedIgnition,Category(current; review semantics); Leverage/derivatives context; Opportunity/Valuation; Hindsight,"Do not infer squeeze, leverage health, deleveraging, price discovery, or convergence from one derivative metric. Z-score is standardized unusualness, not probability/confidence and not a universal [0,1] weight.",,KEEP_NAMED_USE,993c147ea9a3eb371c5b51d3210088bd8aec708a
derivatives,basis_change,derivatives/basis_change,direct_or_derived_measurement,DERIVATIVE_CONTEXT,Change in basis.,Direct/derived fact remains valid when its stated source observations are valid; historical Maturity is not required unless the metric itself depends on history.,,Leverage/derivatives context; Opportunity/Valuation; Hindsight,"Do not infer squeeze, leverage health, deleveraging, price discovery, or convergence from one derivative metric.",,UNMAPPED_REVIEW,993c147ea9a3eb371c5b51d3210088bd8aec708a
derivatives,basis_rate,derivatives/basis_rate,temporal_dynamic_or_rate,DERIVATIVE_CONTEXT,Basis movement per second.,Direct/derived fact remains valid when its stated source observations are valid; historical Maturity is not required unless the metric itself depends on history.,Category:DerivativesDecoupling,Category(current; review semantics); Leverage/derivatives context; Opportunity/Valuation; Hindsight,"Do not infer squeeze, leverage health, deleveraging, price discovery, or convergence from one derivative metric.",,KEEP_NAMED_USE,993c147ea9a3eb371c5b51d3210088bd8aec708a
derivatives,basis_velocity,derivatives/basis_velocity,temporal_dynamic_or_rate,CONTEXT_OR_MODEL_FEATURE,Event-time rate of change of the underlying `basis_velocity` state.,Requires prior causal estimator/state appropriate to the metric; undefined until that prerequisite exists.,,Leverage/derivatives context; Opportunity/Valuation; Hindsight,"Do not infer squeeze, leverage health, deleveraging, price discovery, or convergence from one derivative metric.",,UNMAPPED_REVIEW,993c147ea9a3eb371c5b51d3210088bd8aec708a
derivatives,basis_baseline,derivatives/basis_baseline,historical_reference,CONTEXT_OR_MODEL_FEATURE,Causal historical reference for `basis`.,Requires prior causal estimator/state appropriate to the metric; undefined until that prerequisite exists.,,Leverage/derivatives context; Opportunity/Valuation; Hindsight,"Do not infer squeeze, leverage health, deleveraging, price discovery, or convergence from one derivative metric. Baseline is reference state, not a trading signal.",,UNMAPPED_REVIEW,993c147ea9a3eb371c5b51d3210088bd8aec708a
derivatives,basis_zscore,derivatives/basis_zscore,standardized_historical_comparison,CONTEXT_OR_MODEL_FEATURE,Standardized historical unusualness of the underlying `basis_zscore` quantity.,"Requires a causal baseline/noise model. Definedness and estimator support matter; magnitude is unusualness, not probability.",Category:DerivativesDecoupling,Category(current; review semantics); Leverage/derivatives context; Opportunity/Valuation; Hindsight,"Do not infer squeeze, leverage health, deleveraging, price discovery, or convergence from one derivative metric. Z-score is standardized unusualness, not probability/confidence and not a universal [0,1] weight.",,KEEP_NAMED_USE,993c147ea9a3eb371c5b51d3210088bd8aec708a
derivatives,derivative_log_return,derivatives/derivative_log_return,direct_or_derived_measurement,DERIVATIVE_CONTEXT,Derivative price log return over the observation interval.,Direct/derived fact remains valid when its stated source observations are valid; historical Maturity is not required unless the metric itself depends on history.,,Leverage/derivatives context; Opportunity/Valuation; Hindsight,"Do not infer squeeze, leverage health, deleveraging, price discovery, or convergence from one derivative metric.",,UNMAPPED_REVIEW,993c147ea9a3eb371c5b51d3210088bd8aec708a
derivatives,reference_log_return,derivatives/reference_log_return,direct_or_derived_measurement,DERIVATIVE_CONTEXT,Reference price log return over the observation interval.,Direct/derived fact remains valid when its stated source observations are valid; historical Maturity is not required unless the metric itself depends on history.,,Leverage/derivatives context; Opportunity/Valuation; Hindsight,"Do not infer squeeze, leverage health, deleveraging, price discovery, or convergence from one derivative metric.",,UNMAPPED_REVIEW,993c147ea9a3eb371c5b51d3210088bd8aec708a
derivatives,return_gap,derivatives/return_gap,direct_or_derived_measurement,DERIVATIVE_CONTEXT,"Derivative return minus reference return; decoupling fact, not explanation.",Direct/derived fact remains valid when its stated source observations are valid; historical Maturity is not required unless the metric itself depends on history.,,Leverage/derivatives context; Opportunity/Valuation; Hindsight,"Do not infer squeeze, leverage health, deleveraging, price discovery, or convergence from one derivative metric.",,UNMAPPED_REVIEW,993c147ea9a3eb371c5b51d3210088bd8aec708a
derivatives,return_gap_velocity,derivatives/return_gap_velocity,temporal_dynamic_or_rate,CONTEXT_OR_MODEL_FEATURE,Event-time rate of change of the underlying `return_gap_velocity` state.,Requires prior causal estimator/state appropriate to the metric; undefined until that prerequisite exists.,,Leverage/derivatives context; Opportunity/Valuation; Hindsight,"Do not infer squeeze, leverage health, deleveraging, price discovery, or convergence from one derivative metric.",,UNMAPPED_REVIEW,993c147ea9a3eb371c5b51d3210088bd8aec708a
derivatives,return_gap_zscore,derivatives/return_gap_zscore,standardized_historical_comparison,CONTEXT_OR_MODEL_FEATURE,Standardized historical unusualness of the underlying `return_gap_zscore` quantity.,"Requires a causal baseline/noise model. Definedness and estimator support matter; magnitude is unusualness, not probability.",,Leverage/derivatives context; Opportunity/Valuation; Hindsight,"Do not infer squeeze, leverage health, deleveraging, price discovery, or convergence from one derivative metric. Z-score is standardized unusualness, not probability/confidence and not a universal [0,1] weight.",,UNMAPPED_REVIEW,993c147ea9a3eb371c5b51d3210088bd8aec708a
derivatives,liquidation_notional:buy,derivatives/liquidation_notional:buy,direct_or_derived_measurement,DERIVATIVE_CONTEXT,Liquidation notional on the buy side.,Direct/derived fact remains valid when its stated source observations are valid; historical Maturity is not required unless the metric itself depends on history.,,Leverage/derivatives context; Opportunity/Valuation; Hindsight,"Do not infer squeeze, leverage health, deleveraging, price discovery, or convergence from one derivative metric.",,UNMAPPED_REVIEW,993c147ea9a3eb371c5b51d3210088bd8aec708a
derivatives,liquidation_notional:sell,derivatives/liquidation_notional:sell,direct_or_derived_measurement,DERIVATIVE_CONTEXT,Liquidation notional on the sell side.,Direct/derived fact remains valid when its stated source observations are valid; historical Maturity is not required unless the metric itself depends on history.,,Leverage/derivatives context; Opportunity/Valuation; Hindsight,"Do not infer squeeze, leverage health, deleveraging, price discovery, or convergence from one derivative metric.",,UNMAPPED_REVIEW,993c147ea9a3eb371c5b51d3210088bd8aec708a
derivatives,gross_liquidation_notional,derivatives/gross_liquidation_notional,direct_or_derived_measurement,DERIVATIVE_CONTEXT,Total liquidation notional independent of side.,Direct/derived fact remains valid when its stated source observations are valid; historical Maturity is not required unless the metric itself depends on history.,,Leverage/derivatives context; Opportunity/Valuation; Hindsight,"Do not infer squeeze, leverage health, deleveraging, price discovery, or convergence from one derivative metric.",,UNMAPPED_REVIEW,993c147ea9a3eb371c5b51d3210088bd8aec708a
derivatives,net_liquidation_notional,derivatives/net_liquidation_notional,direct_or_derived_measurement,DERIVATIVE_CONTEXT,Signed liquidation notional.,Direct/derived fact remains valid when its stated source observations are valid; historical Maturity is not required unless the metric itself depends on history.,Category:LongDeleveraging,Category(current; review semantics); Leverage/derivatives context; Opportunity/Valuation; Hindsight,"Do not infer squeeze, leverage health, deleveraging, price discovery, or convergence from one derivative metric.",,KEEP_NAMED_USE,993c147ea9a3eb371c5b51d3210088bd8aec708a
derivatives,liquidation_signed_fraction,derivatives/liquidation_signed_fraction,derived_dimensionless,DERIVATIVE_CONTEXT,Side imbalance of liquidation notional.,Direct/derived fact remains valid when its stated source observations are valid; historical Maturity is not required unless the metric itself depends on history.,Category:ShortSqueeze,Category(current; review semantics); Leverage/derivatives context; Opportunity/Valuation; Hindsight,"Do not infer squeeze, leverage health, deleveraging, price discovery, or convergence from one derivative metric.",REVIEW: side imbalance alone does not establish ShortSqueeze.,KEEP_REVIEW_CURRENT_USE,993c147ea9a3eb371c5b51d3210088bd8aec708a
derivatives,liquidation_notional_rate,derivatives/liquidation_notional_rate,temporal_dynamic_or_rate,DERIVATIVE_CONTEXT,Liquidation economic throughput per second.,Direct/derived fact remains valid when its stated source observations are valid; historical Maturity is not required unless the metric itself depends on history.,Category:AdverseLeverageBuildup,Category(current; review semantics); Leverage/derivatives context; Opportunity/Valuation; Hindsight,"Do not infer squeeze, leverage health, deleveraging, price discovery, or convergence from one derivative metric.",,KEEP_NAMED_USE,993c147ea9a3eb371c5b51d3210088bd8aec708a
derivatives,gross_derivative_trade_notional,derivatives/gross_derivative_trade_notional,direct_or_derived_measurement,DERIVATIVE_CONTEXT,Total derivative trade notional used as denominator/context for liquidation share.,Direct/derived fact remains valid when its stated source observations are valid; historical Maturity is not required unless the metric itself depends on history.,,Leverage/derivatives context; Opportunity/Valuation; Hindsight,"Do not infer squeeze, leverage health, deleveraging, price discovery, or convergence from one derivative metric.",,UNMAPPED_REVIEW,993c147ea9a3eb371c5b51d3210088bd8aec708a
derivatives,liquidation_share,derivatives/liquidation_share,derived_measurement,DERIVATIVE_CONTEXT,Fraction of derivative traded notional represented by liquidation events.,Direct/derived fact remains valid when its stated source observations are valid; historical Maturity is not required unless the metric itself depends on history.,Category:LongDeleveraging,Category(current; review semantics); Leverage/derivatives context; Opportunity/Valuation; Hindsight,"Do not infer squeeze, leverage health, deleveraging, price discovery, or convergence from one derivative metric.",,KEEP_NAMED_USE,993c147ea9a3eb371c5b51d3210088bd8aec708a
derivatives,liquidation_share_velocity,derivatives/liquidation_share_velocity,temporal_dynamic_or_rate,CONTEXT_OR_MODEL_FEATURE,Event-time rate of change of the underlying `liquidation_share_velocity` state.,Requires prior causal estimator/state appropriate to the metric; undefined until that prerequisite exists.,,Leverage/derivatives context; Opportunity/Valuation; Hindsight,"Do not infer squeeze, leverage health, deleveraging, price discovery, or convergence from one derivative metric.",,UNMAPPED_REVIEW,993c147ea9a3eb371c5b51d3210088bd8aec708a
exhaustion,displayed_depth_notional:bid,exhaustion/displayed_depth_notional:bid,direct_or_derived_measurement,DEPRECATE_REDUNDANT,"Legacy compatibility projection of a liquidity/depth/imbalance/spread fact. Its normative purpose is migration to the canonical source, not new reasoning.",Direct/derived fact remains valid when its stated source observations are valid; historical Maturity is not required unless the metric itself depends on history.,,Migrate existing consumers to canonical liquidity/depthflow/CVD facts,Do not create new semantic dependencies; migrate to canonical source and remove compatibility projection.,,MIGRATE_AND_REMOVE,993c147ea9a3eb371c5b51d3210088bd8aec708a
exhaustion,displayed_depth_notional:ask,exhaustion/displayed_depth_notional:ask,direct_or_derived_measurement,DEPRECATE_REDUNDANT,"Legacy compatibility projection of a liquidity/depth/imbalance/spread fact. Its normative purpose is migration to the canonical source, not new reasoning.",Direct/derived fact remains valid when its stated source observations are valid; historical Maturity is not required unless the metric itself depends on history.,,Migrate existing consumers to canonical liquidity/depthflow/CVD facts,Do not create new semantic dependencies; migrate to canonical source and remove compatibility projection.,,MIGRATE_AND_REMOVE,993c147ea9a3eb371c5b51d3210088bd8aec708a
exhaustion,displayed_depth_notional,exhaustion/displayed_depth_notional,direct_or_derived_measurement,DEPRECATE_REDUNDANT,"Legacy compatibility projection of a liquidity/depth/imbalance/spread fact. Its normative purpose is migration to the canonical source, not new reasoning.",Direct/derived fact remains valid when its stated source observations are valid; historical Maturity is not required unless the metric itself depends on history.,,Migrate existing consumers to canonical liquidity/depthflow/CVD facts,Do not create new semantic dependencies; migrate to canonical source and remove compatibility projection.,,MIGRATE_AND_REMOVE,993c147ea9a3eb371c5b51d3210088bd8aec708a
exhaustion,spread,exhaustion/spread,direct_or_derived_measurement,DEPRECATE_REDUNDANT,"Legacy compatibility projection of a liquidity/depth/imbalance/spread fact. Its normative purpose is migration to the canonical source, not new reasoning.",Direct/derived fact remains valid when its stated source observations are valid; historical Maturity is not required unless the metric itself depends on history.,,Migrate existing consumers to canonical liquidity/depthflow/CVD facts,Do not create new semantic dependencies; migrate to canonical source and remove compatibility projection.,,MIGRATE_AND_REMOVE,993c147ea9a3eb371c5b51d3210088bd8aec708a
exhaustion,relative_spread,exhaustion/relative_spread,direct_or_derived_measurement,DEPRECATE_REDUNDANT,"Legacy compatibility projection of a liquidity/depth/imbalance/spread fact. Its normative purpose is migration to the canonical source, not new reasoning.",Direct/derived fact remains valid when its stated source observations are valid; historical Maturity is not required unless the metric itself depends on history.,Category:FragileExpansion,Category(current; review semantics); Migrate existing consumers to canonical liquidity/depthflow/CVD facts,Do not create new semantic dependencies; migrate to canonical source and remove compatibility projection.,,MIGRATE_AND_REMOVE,993c147ea9a3eb371c5b51d3210088bd8aec708a
exhaustion,book_imbalance,exhaustion/book_imbalance,derived_dimensionless,DEPRECATE_REDUNDANT,"Legacy compatibility projection of a liquidity/depth/imbalance/spread fact. Its normative purpose is migration to the canonical source, not new reasoning.",Direct/derived fact remains valid when its stated source observations are valid; historical Maturity is not required unless the metric itself depends on history.,,Migrate existing consumers to canonical liquidity/depthflow/CVD facts,Do not create new semantic dependencies; migrate to canonical source and remove compatibility projection.,,MIGRATE_AND_REMOVE,993c147ea9a3eb371c5b51d3210088bd8aec708a
exhaustion,previous_book_imbalance,exhaustion/previous_book_imbalance,derived_dimensionless,DEPRECATE_REDUNDANT,"Legacy compatibility projection of a liquidity/depth/imbalance/spread fact. Its normative purpose is migration to the canonical source, not new reasoning.",Direct/derived fact remains valid when its stated source observations are valid; historical Maturity is not required unless the metric itself depends on history.,,Migrate existing consumers to canonical liquidity/depthflow/CVD facts,Do not create new semantic dependencies; migrate to canonical source and remove compatibility projection.,,MIGRATE_AND_REMOVE,993c147ea9a3eb371c5b51d3210088bd8aec708a
exhaustion,book_imbalance_change,exhaustion/book_imbalance_change,derived_dimensionless,DEPRECATE_REDUNDANT,"Legacy compatibility projection of a liquidity/depth/imbalance/spread fact. Its normative purpose is migration to the canonical source, not new reasoning.",Direct/derived fact remains valid when its stated source observations are valid; historical Maturity is not required unless the metric itself depends on history.,,Migrate existing consumers to canonical liquidity/depthflow/CVD facts,Do not create new semantic dependencies; migrate to canonical source and remove compatibility projection.,,MIGRATE_AND_REMOVE,993c147ea9a3eb371c5b51d3210088bd8aec708a
exhaustion,midpoint_log_return,exhaustion/midpoint_log_return,direct_or_derived_measurement,DEPRECATE_REDUNDANT,"Legacy compatibility projection of a liquidity/depth/imbalance/spread fact. Its normative purpose is migration to the canonical source, not new reasoning.",Direct/derived fact remains valid when its stated source observations are valid; historical Maturity is not required unless the metric itself depends on history.,,Migrate existing consumers to canonical liquidity/depthflow/CVD facts,Do not create new semantic dependencies; migrate to canonical source and remove compatibility projection.,,MIGRATE_AND_REMOVE,993c147ea9a3eb371c5b51d3210088bd8aec708a
exhaustion,book_imbalance_baseline,exhaustion/book_imbalance_baseline,historical_reference,DEPRECATE_REDUNDANT,"Legacy compatibility projection of a liquidity/depth/imbalance/spread fact. Its normative purpose is migration to the canonical source, not new reasoning.",Requires prior causal estimator/state appropriate to the metric; undefined until that prerequisite exists.,,Migrate existing consumers to canonical liquidity/depthflow/CVD facts,"Do not create new semantic dependencies; migrate to canonical source and remove compatibility projection. Baseline is reference state, not a trading signal.",,MIGRATE_AND_REMOVE,993c147ea9a3eb371c5b51d3210088bd8aec708a
exhaustion,book_imbalance_zscore,exhaustion/book_imbalance_zscore,standardized_historical_comparison,DEPRECATE_REDUNDANT,"Legacy compatibility projection of a liquidity/depth/imbalance/spread fact. Its normative purpose is migration to the canonical source, not new reasoning.","Requires a causal baseline/noise model. Definedness and estimator support matter; magnitude is unusualness, not probability.",Category:MechanicalCollapse,Category(current; review semantics); Migrate existing consumers to canonical liquidity/depthflow/CVD facts,"Do not create new semantic dependencies; migrate to canonical source and remove compatibility projection. Z-score is standardized unusualness, not probability/confidence and not a universal [0,1] weight.",,MIGRATE_AND_REMOVE,993c147ea9a3eb371c5b51d3210088bd8aec708a
exhaustion,book_imbalance_velocity,exhaustion/book_imbalance_velocity,temporal_dynamic_or_rate,DEPRECATE_REDUNDANT,"Legacy compatibility projection of a liquidity/depth/imbalance/spread fact. Its normative purpose is migration to the canonical source, not new reasoning.",Requires prior causal estimator/state appropriate to the metric; undefined until that prerequisite exists.,,Migrate existing consumers to canonical liquidity/depthflow/CVD facts,Do not create new semantic dependencies; migrate to canonical source and remove compatibility projection.,,MIGRATE_AND_REMOVE,993c147ea9a3eb371c5b51d3210088bd8aec708a
exhaustion,depth_baseline:bid,exhaustion/depth_baseline:bid,historical_reference,DEPRECATE_REDUNDANT,"Legacy compatibility projection of a liquidity/depth/imbalance/spread fact. Its normative purpose is migration to the canonical source, not new reasoning.",Requires prior causal estimator/state appropriate to the metric; undefined until that prerequisite exists.,,Migrate existing consumers to canonical liquidity/depthflow/CVD facts,"Do not create new semantic dependencies; migrate to canonical source and remove compatibility projection. Baseline is reference state, not a trading signal.",,MIGRATE_AND_REMOVE,993c147ea9a3eb371c5b51d3210088bd8aec708a
exhaustion,depth_divergence:bid,exhaustion/depth_divergence:bid,historical_comparison,DEPRECATE_REDUNDANT,"Legacy compatibility projection of a liquidity/depth/imbalance/spread fact. Its normative purpose is migration to the canonical source, not new reasoning.",Requires prior causal estimator/state appropriate to the metric; undefined until that prerequisite exists.,,Migrate existing consumers to canonical liquidity/depthflow/CVD facts,Do not create new semantic dependencies; migrate to canonical source and remove compatibility projection.,,MIGRATE_AND_REMOVE,993c147ea9a3eb371c5b51d3210088bd8aec708a
exhaustion,depth_divergence_velocity:bid,exhaustion/depth_divergence_velocity:bid,historical_comparison,DEPRECATE_REDUNDANT,"Legacy compatibility projection of a liquidity/depth/imbalance/spread fact. Its normative purpose is migration to the canonical source, not new reasoning.",Requires prior causal estimator/state appropriate to the metric; undefined until that prerequisite exists.,,Migrate existing consumers to canonical liquidity/depthflow/CVD facts,Do not create new semantic dependencies; migrate to canonical source and remove compatibility projection.,,MIGRATE_AND_REMOVE,993c147ea9a3eb371c5b51d3210088bd8aec708a
exhaustion,depth_ratio:bid,exhaustion/depth_ratio:bid,derived_dimensionless,DEPRECATE_REDUNDANT,"Legacy compatibility projection of a liquidity/depth/imbalance/spread fact. Its normative purpose is migration to the canonical source, not new reasoning.",Direct/derived fact remains valid when its stated source observations are valid; historical Maturity is not required unless the metric itself depends on history.,,Migrate existing consumers to canonical liquidity/depthflow/CVD facts,Do not create new semantic dependencies; migrate to canonical source and remove compatibility projection.,,MIGRATE_AND_REMOVE,993c147ea9a3eb371c5b51d3210088bd8aec708a
exhaustion,depth_zscore:bid,exhaustion/depth_zscore:bid,standardized_historical_comparison,DEPRECATE_REDUNDANT,"Legacy compatibility projection of a liquidity/depth/imbalance/spread fact. Its normative purpose is migration to the canonical source, not new reasoning.","Requires a causal baseline/noise model. Definedness and estimator support matter; magnitude is unusualness, not probability.",,Migrate existing consumers to canonical liquidity/depthflow/CVD facts,"Do not create new semantic dependencies; migrate to canonical source and remove compatibility projection. Z-score is standardized unusualness, not probability/confidence and not a universal [0,1] weight.",,MIGRATE_AND_REMOVE,993c147ea9a3eb371c5b51d3210088bd8aec708a
exhaustion,depth_baseline:ask,exhaustion/depth_baseline:ask,historical_reference,DEPRECATE_REDUNDANT,"Legacy compatibility projection of a liquidity/depth/imbalance/spread fact. Its normative purpose is migration to the canonical source, not new reasoning.",Requires prior causal estimator/state appropriate to the metric; undefined until that prerequisite exists.,,Migrate existing consumers to canonical liquidity/depthflow/CVD facts,"Do not create new semantic dependencies; migrate to canonical source and remove compatibility projection. Baseline is reference state, not a trading signal.",,MIGRATE_AND_REMOVE,993c147ea9a3eb371c5b51d3210088bd8aec708a
exhaustion,depth_divergence:ask,exhaustion/depth_divergence:ask,historical_comparison,DEPRECATE_REDUNDANT,"Legacy compatibility projection of a liquidity/depth/imbalance/spread fact. Its normative purpose is migration to the canonical source, not new reasoning.",Requires prior causal estimator/state appropriate to the metric; undefined until that prerequisite exists.,,Migrate existing consumers to canonical liquidity/depthflow/CVD facts,Do not create new semantic dependencies; migrate to canonical source and remove compatibility projection.,,MIGRATE_AND_REMOVE,993c147ea9a3eb371c5b51d3210088bd8aec708a
exhaustion,depth_divergence_velocity:ask,exhaustion/depth_divergence_velocity:ask,historical_comparison,DEPRECATE_REDUNDANT,"Legacy compatibility projection of a liquidity/depth/imbalance/spread fact. Its normative purpose is migration to the canonical source, not new reasoning.",Requires prior causal estimator/state appropriate to the metric; undefined until that prerequisite exists.,Category:ActiveReversal,Category(current; review semantics); Migrate existing consumers to canonical liquidity/depthflow/CVD facts,Do not create new semantic dependencies; migrate to canonical source and remove compatibility projection.,,MIGRATE_AND_REMOVE,993c147ea9a3eb371c5b51d3210088bd8aec708a
exhaustion,depth_ratio:ask,exhaustion/depth_ratio:ask,derived_dimensionless,DEPRECATE_REDUNDANT,"Legacy compatibility projection of a liquidity/depth/imbalance/spread fact. Its normative purpose is migration to the canonical source, not new reasoning.",Direct/derived fact remains valid when its stated source observations are valid; historical Maturity is not required unless the metric itself depends on history.,,Migrate existing consumers to canonical liquidity/depthflow/CVD facts,Do not create new semantic dependencies; migrate to canonical source and remove compatibility projection.,,MIGRATE_AND_REMOVE,993c147ea9a3eb371c5b51d3210088bd8aec708a
exhaustion,depth_zscore:ask,exhaustion/depth_zscore:ask,standardized_historical_comparison,DEPRECATE_REDUNDANT,"Legacy compatibility projection of a liquidity/depth/imbalance/spread fact. Its normative purpose is migration to the canonical source, not new reasoning.","Requires a causal baseline/noise model. Definedness and estimator support matter; magnitude is unusualness, not probability.",,Migrate existing consumers to canonical liquidity/depthflow/CVD facts,"Do not create new semantic dependencies; migrate to canonical source and remove compatibility projection. Z-score is standardized unusualness, not probability/confidence and not a universal [0,1] weight.",,MIGRATE_AND_REMOVE,993c147ea9a3eb371c5b51d3210088bd8aec708a
exhaustion,total_depth_baseline,exhaustion/total_depth_baseline,historical_reference,DEPRECATE_REDUNDANT,"Legacy compatibility projection of a liquidity/depth/imbalance/spread fact. Its normative purpose is migration to the canonical source, not new reasoning.",Requires prior causal estimator/state appropriate to the metric; undefined until that prerequisite exists.,,Migrate existing consumers to canonical liquidity/depthflow/CVD facts,"Do not create new semantic dependencies; migrate to canonical source and remove compatibility projection. Baseline is reference state, not a trading signal.",,MIGRATE_AND_REMOVE,993c147ea9a3eb371c5b51d3210088bd8aec708a
exhaustion,total_depth_ratio,exhaustion/total_depth_ratio,derived_dimensionless,DEPRECATE_REDUNDANT,"Legacy compatibility projection of a liquidity/depth/imbalance/spread fact. Its normative purpose is migration to the canonical source, not new reasoning.",Direct/derived fact remains valid when its stated source observations are valid; historical Maturity is not required unless the metric itself depends on history.,,Migrate existing consumers to canonical liquidity/depthflow/CVD facts,Do not create new semantic dependencies; migrate to canonical source and remove compatibility projection.,,MIGRATE_AND_REMOVE,993c147ea9a3eb371c5b51d3210088bd8aec708a
exhaustion,total_depth_zscore,exhaustion/total_depth_zscore,standardized_historical_comparison,DEPRECATE_REDUNDANT,"Legacy compatibility projection of a liquidity/depth/imbalance/spread fact. Its normative purpose is migration to the canonical source, not new reasoning.","Requires a causal baseline/noise model. Definedness and estimator support matter; magnitude is unusualness, not probability.",Category:MechanicalCollapse,Category(current; review semantics); Migrate existing consumers to canonical liquidity/depthflow/CVD facts,"Do not create new semantic dependencies; migrate to canonical source and remove compatibility projection. Z-score is standardized unusualness, not probability/confidence and not a universal [0,1] weight.",,MIGRATE_AND_REMOVE,993c147ea9a3eb371c5b51d3210088bd8aec708a
exhaustion,relative_spread_baseline,exhaustion/relative_spread_baseline,historical_reference,DEPRECATE_REDUNDANT,"Legacy compatibility projection of a liquidity/depth/imbalance/spread fact. Its normative purpose is migration to the canonical source, not new reasoning.",Requires prior causal estimator/state appropriate to the metric; undefined until that prerequisite exists.,,Migrate existing consumers to canonical liquidity/depthflow/CVD facts,"Do not create new semantic dependencies; migrate to canonical source and remove compatibility projection. Baseline is reference state, not a trading signal.",,MIGRATE_AND_REMOVE,993c147ea9a3eb371c5b51d3210088bd8aec708a
exhaustion,spread_divergence,exhaustion/spread_divergence,historical_comparison,DEPRECATE_REDUNDANT,"Legacy compatibility projection of a liquidity/depth/imbalance/spread fact. Its normative purpose is migration to the canonical source, not new reasoning.",Requires prior causal estimator/state appropriate to the metric; undefined until that prerequisite exists.,,Migrate existing consumers to canonical liquidity/depthflow/CVD facts,Do not create new semantic dependencies; migrate to canonical source and remove compatibility projection.,,MIGRATE_AND_REMOVE,993c147ea9a3eb371c5b51d3210088bd8aec708a
exhaustion,spread_divergence_velocity,exhaustion/spread_divergence_velocity,historical_comparison,DEPRECATE_REDUNDANT,"Legacy compatibility projection of a liquidity/depth/imbalance/spread fact. Its normative purpose is migration to the canonical source, not new reasoning.",Requires prior causal estimator/state appropriate to the metric; undefined until that prerequisite exists.,,Migrate existing consumers to canonical liquidity/depthflow/CVD facts,Do not create new semantic dependencies; migrate to canonical source and remove compatibility projection.,,MIGRATE_AND_REMOVE,993c147ea9a3eb371c5b51d3210088bd8aec708a
exhaustion,spread_ratio,exhaustion/spread_ratio,derived_dimensionless,DEPRECATE_REDUNDANT,"Legacy compatibility projection of a liquidity/depth/imbalance/spread fact. Its normative purpose is migration to the canonical source, not new reasoning.",Direct/derived fact remains valid when its stated source observations are valid; historical Maturity is not required unless the metric itself depends on history.,,Migrate existing consumers to canonical liquidity/depthflow/CVD facts,Do not create new semantic dependencies; migrate to canonical source and remove compatibility projection.,,MIGRATE_AND_REMOVE,993c147ea9a3eb371c5b51d3210088bd8aec708a
exhaustion,spread_zscore,exhaustion/spread_zscore,standardized_historical_comparison,DEPRECATE_REDUNDANT,"Legacy compatibility projection of a liquidity/depth/imbalance/spread fact. Its normative purpose is migration to the canonical source, not new reasoning.","Requires a causal baseline/noise model. Definedness and estimator support matter; magnitude is unusualness, not probability.",Category:ThermalExhaustion,Category(current; review semantics); Migrate existing consumers to canonical liquidity/depthflow/CVD facts,"Do not create new semantic dependencies; migrate to canonical source and remove compatibility projection. Z-score is standardized unusualness, not probability/confidence and not a universal [0,1] weight.",,MIGRATE_AND_REMOVE,993c147ea9a3eb371c5b51d3210088bd8aec708a
hawkes,event_count,hawkes/event_count,direct_or_derived_measurement,ARRIVAL_MODEL_STATE,Observed marked trade-arrival count.,Direct/derived fact remains valid when its stated source observations are valid; historical Maturity is not required unless the metric itself depends on history.,,Arrival context; Causal relations; Historical/Coordination context; Opportunity/Valuation,"Do not turn excitation/stability/model fit into price forecast, market danger, manipulation, or profitability.",,UNMAPPED_REVIEW,993c147ea9a3eb371c5b51d3210088bd8aec708a
hawkes,event_count:buy,hawkes/event_count:buy,direct_or_derived_measurement,ARRIVAL_MODEL_STATE,Observed marked trade-arrival count for buy events.,Direct/derived fact remains valid when its stated source observations are valid; historical Maturity is not required unless the metric itself depends on history.,,Arrival context; Causal relations; Historical/Coordination context; Opportunity/Valuation,"Do not turn excitation/stability/model fit into price forecast, market danger, manipulation, or profitability.",,UNMAPPED_REVIEW,993c147ea9a3eb371c5b51d3210088bd8aec708a
hawkes,event_count:sell,hawkes/event_count:sell,direct_or_derived_measurement,ARRIVAL_MODEL_STATE,Observed marked trade-arrival count for sell events.,Direct/derived fact remains valid when its stated source observations are valid; historical Maturity is not required unless the metric itself depends on history.,,Arrival context; Causal relations; Historical/Coordination context; Opportunity/Valuation,"Do not turn excitation/stability/model fit into price forecast, market danger, manipulation, or profitability.",,UNMAPPED_REVIEW,993c147ea9a3eb371c5b51d3210088bd8aec708a
hawkes,event_fraction:buy,hawkes/event_fraction:buy,derived_dimensionless,ARRIVAL_MODEL_STATE,Fraction of observed arrivals carrying the buy mark.,Direct/derived fact remains valid when its stated source observations are valid; historical Maturity is not required unless the metric itself depends on history.,,Arrival context; Causal relations; Historical/Coordination context; Opportunity/Valuation,"Do not turn excitation/stability/model fit into price forecast, market danger, manipulation, or profitability.",,UNMAPPED_REVIEW,993c147ea9a3eb371c5b51d3210088bd8aec708a
hawkes,event_fraction:sell,hawkes/event_fraction:sell,derived_dimensionless,ARRIVAL_MODEL_STATE,Fraction of observed arrivals carrying the sell mark.,Direct/derived fact remains valid when its stated source observations are valid; historical Maturity is not required unless the metric itself depends on history.,,Arrival context; Causal relations; Historical/Coordination context; Opportunity/Valuation,"Do not turn excitation/stability/model fit into price forecast, market danger, manipulation, or profitability.",,UNMAPPED_REVIEW,993c147ea9a3eb371c5b51d3210088bd8aec708a
hawkes,arrival_rate,hawkes/arrival_rate,temporal_dynamic_or_rate,ARRIVAL_MODEL_STATE,Empirical observed arrival frequency across marks.,Direct/derived fact remains valid when its stated source observations are valid; historical Maturity is not required unless the metric itself depends on history.,Category:Inertial,Category(current; review semantics); Arrival context; Causal relations; Historical/Coordination context; Opportunity/Valuation,"Do not turn excitation/stability/model fit into price forecast, market danger, manipulation, or profitability.",,KEEP_NAMED_USE,993c147ea9a3eb371c5b51d3210088bd8aec708a
hawkes,arrival_rate:buy,hawkes/arrival_rate:buy,temporal_dynamic_or_rate,ARRIVAL_MODEL_STATE,Empirical observed arrival frequency for buy events.,Direct/derived fact remains valid when its stated source observations are valid; historical Maturity is not required unless the metric itself depends on history.,,Arrival context; Causal relations; Historical/Coordination context; Opportunity/Valuation,"Do not turn excitation/stability/model fit into price forecast, market danger, manipulation, or profitability.",,UNMAPPED_REVIEW,993c147ea9a3eb371c5b51d3210088bd8aec708a
hawkes,arrival_rate:sell,hawkes/arrival_rate:sell,temporal_dynamic_or_rate,ARRIVAL_MODEL_STATE,Empirical observed arrival frequency for sell events.,Direct/derived fact remains valid when its stated source observations are valid; historical Maturity is not required unless the metric itself depends on history.,,Arrival context; Causal relations; Historical/Coordination context; Opportunity/Valuation,"Do not turn excitation/stability/model fit into price forecast, market danger, manipulation, or profitability.",,UNMAPPED_REVIEW,993c147ea9a3eb371c5b51d3210088bd8aec708a
hawkes,conditional_intensity,hawkes/conditional_intensity,fitted_model_quantity,ARRIVAL_MODEL_STATE,Model-implied instantaneous pre-arrival event intensity across marks.,Requires a usable/identified Hawkes fit or compensator where applicable. Fit diagnostics/uncertainty affect whether downstream valuation may rely on it.,,Arrival context; Causal relations; Historical/Coordination context; Opportunity/Valuation,"Do not turn excitation/stability/model fit into price forecast, market danger, manipulation, or profitability.",,UNMAPPED_REVIEW,993c147ea9a3eb371c5b51d3210088bd8aec708a
hawkes,conditional_intensity:buy,hawkes/conditional_intensity:buy,fitted_model_quantity,ARRIVAL_MODEL_STATE,Model-implied instantaneous pre-arrival event intensity for buy events.,Requires a usable/identified Hawkes fit or compensator where applicable. Fit diagnostics/uncertainty affect whether downstream valuation may rely on it.,,Arrival context; Causal relations; Historical/Coordination context; Opportunity/Valuation,"Do not turn excitation/stability/model fit into price forecast, market danger, manipulation, or profitability.",,UNMAPPED_REVIEW,993c147ea9a3eb371c5b51d3210088bd8aec708a
hawkes,conditional_intensity:sell,hawkes/conditional_intensity:sell,fitted_model_quantity,ARRIVAL_MODEL_STATE,Model-implied instantaneous pre-arrival event intensity for sell events.,Requires a usable/identified Hawkes fit or compensator where applicable. Fit diagnostics/uncertainty affect whether downstream valuation may rely on it.,,Arrival context; Causal relations; Historical/Coordination context; Opportunity/Valuation,"Do not turn excitation/stability/model fit into price forecast, market danger, manipulation, or profitability.",,UNMAPPED_REVIEW,993c147ea9a3eb371c5b51d3210088bd8aec708a
hawkes,background_rate,hawkes/background_rate,historical_reference,ARRIVAL_MODEL_STATE,Fitted immigrant/background arrival rate absent retained excitation.,Requires a usable/identified Hawkes fit or compensator where applicable. Fit diagnostics/uncertainty affect whether downstream valuation may rely on it.,,Arrival context; Causal relations; Historical/Coordination context; Opportunity/Valuation,"Do not turn excitation/stability/model fit into price forecast, market danger, manipulation, or profitability.",,UNMAPPED_REVIEW,993c147ea9a3eb371c5b51d3210088bd8aec708a
hawkes,background_rate:buy,hawkes/background_rate:buy,historical_reference,ARRIVAL_MODEL_STATE,Fitted immigrant/background arrival rate absent retained excitation for buy events.,Requires a usable/identified Hawkes fit or compensator where applicable. Fit diagnostics/uncertainty affect whether downstream valuation may rely on it.,,Arrival context; Causal relations; Historical/Coordination context; Opportunity/Valuation,"Do not turn excitation/stability/model fit into price forecast, market danger, manipulation, or profitability.",,UNMAPPED_REVIEW,993c147ea9a3eb371c5b51d3210088bd8aec708a
hawkes,background_rate:sell,hawkes/background_rate:sell,historical_reference,ARRIVAL_MODEL_STATE,Fitted immigrant/background arrival rate absent retained excitation for sell events.,Requires a usable/identified Hawkes fit or compensator where applicable. Fit diagnostics/uncertainty affect whether downstream valuation may rely on it.,,Arrival context; Causal relations; Historical/Coordination context; Opportunity/Valuation,"Do not turn excitation/stability/model fit into price forecast, market danger, manipulation, or profitability.",,UNMAPPED_REVIEW,993c147ea9a3eb371c5b51d3210088bd8aec708a
hawkes,excitation_intensity:buy,hawkes/excitation_intensity:buy,fitted_model_quantity,ARRIVAL_MODEL_STATE,Current buy intensity attributable to excitation above background.,Requires a usable/identified Hawkes fit or compensator where applicable. Fit diagnostics/uncertainty affect whether downstream valuation may rely on it.,Category:Frenzy,Category(current; review semantics); Arrival context; Causal relations; Historical/Coordination context; Opportunity/Valuation,"Do not turn excitation/stability/model fit into price forecast, market danger, manipulation, or profitability.",,KEEP_NAMED_USE,993c147ea9a3eb371c5b51d3210088bd8aec708a
hawkes,excitation_intensity:sell,hawkes/excitation_intensity:sell,fitted_model_quantity,ARRIVAL_MODEL_STATE,Current sell intensity attributable to excitation above background.,Requires a usable/identified Hawkes fit or compensator where applicable. Fit diagnostics/uncertainty affect whether downstream valuation may rely on it.,Category:Frenzy,Category(current; review semantics); Arrival context; Causal relations; Historical/Coordination context; Opportunity/Valuation,"Do not turn excitation/stability/model fit into price forecast, market danger, manipulation, or profitability.",,KEEP_NAMED_USE,993c147ea9a3eb371c5b51d3210088bd8aec708a
hawkes,excitation_fraction:buy,hawkes/excitation_fraction:buy,fitted_model_quantity,ARRIVAL_MODEL_STATE,"Fraction of current fitted buy intensity attributable to prior-event excitation; model decomposition, not causal probability.",Requires a usable/identified Hawkes fit or compensator where applicable. Fit diagnostics/uncertainty affect whether downstream valuation may rely on it.,advisor:historical,advisor:historical; Arrival context; Causal relations; Historical/Coordination context; Opportunity/Valuation,"Do not turn excitation/stability/model fit into price forecast, market danger, manipulation, or profitability.",,KEEP_NAMED_USE,993c147ea9a3eb371c5b51d3210088bd8aec708a
hawkes,excitation_fraction:sell,hawkes/excitation_fraction:sell,fitted_model_quantity,ARRIVAL_MODEL_STATE,"Fraction of current fitted sell intensity attributable to prior-event excitation; model decomposition, not causal probability.",Requires a usable/identified Hawkes fit or compensator where applicable. Fit diagnostics/uncertainty affect whether downstream valuation may rely on it.,,Arrival context; Causal relations; Historical/Coordination context; Opportunity/Valuation,"Do not turn excitation/stability/model fit into price forecast, market danger, manipulation, or profitability.",,UNMAPPED_REVIEW,993c147ea9a3eb371c5b51d3210088bd8aec708a
hawkes,excitation_amplitude:buy_from_buy,hawkes/excitation_amplitude:buy_from_buy,fitted_model_quantity,ARRIVAL_MODEL_STATE,Instantaneous target-intensity jump caused by the named source mark in the fitted Hawkes kernel.,Requires a usable/identified Hawkes fit or compensator where applicable. Fit diagnostics/uncertainty affect whether downstream valuation may rely on it.,,Arrival context; Causal relations; Historical/Coordination context; Opportunity/Valuation,"Do not turn excitation/stability/model fit into price forecast, market danger, manipulation, or profitability.",,UNMAPPED_REVIEW,993c147ea9a3eb371c5b51d3210088bd8aec708a
hawkes,excitation_amplitude:buy_from_sell,hawkes/excitation_amplitude:buy_from_sell,fitted_model_quantity,ARRIVAL_MODEL_STATE,Instantaneous target-intensity jump caused by the named source mark in the fitted Hawkes kernel.,Requires a usable/identified Hawkes fit or compensator where applicable. Fit diagnostics/uncertainty affect whether downstream valuation may rely on it.,,Arrival context; Causal relations; Historical/Coordination context; Opportunity/Valuation,"Do not turn excitation/stability/model fit into price forecast, market danger, manipulation, or profitability.",,UNMAPPED_REVIEW,993c147ea9a3eb371c5b51d3210088bd8aec708a
hawkes,excitation_amplitude:sell_from_buy,hawkes/excitation_amplitude:sell_from_buy,fitted_model_quantity,ARRIVAL_MODEL_STATE,Instantaneous target-intensity jump caused by the named source mark in the fitted Hawkes kernel.,Requires a usable/identified Hawkes fit or compensator where applicable. Fit diagnostics/uncertainty affect whether downstream valuation may rely on it.,,Arrival context; Causal relations; Historical/Coordination context; Opportunity/Valuation,"Do not turn excitation/stability/model fit into price forecast, market danger, manipulation, or profitability.",,UNMAPPED_REVIEW,993c147ea9a3eb371c5b51d3210088bd8aec708a
hawkes,excitation_amplitude:sell_from_sell,hawkes/excitation_amplitude:sell_from_sell,fitted_model_quantity,ARRIVAL_MODEL_STATE,Instantaneous target-intensity jump caused by the named source mark in the fitted Hawkes kernel.,Requires a usable/identified Hawkes fit or compensator where applicable. Fit diagnostics/uncertainty affect whether downstream valuation may rely on it.,,Arrival context; Causal relations; Historical/Coordination context; Opportunity/Valuation,"Do not turn excitation/stability/model fit into price forecast, market danger, manipulation, or profitability.",,UNMAPPED_REVIEW,993c147ea9a3eb371c5b51d3210088bd8aec708a
hawkes,excitation_decay:buy_from_buy,hawkes/excitation_decay:buy_from_buy,fitted_model_quantity,ARRIVAL_MODEL_STATE,Exponential excitation decay rate for the named target/source kernel.,Requires a usable/identified Hawkes fit or compensator where applicable. Fit diagnostics/uncertainty affect whether downstream valuation may rely on it.,,Arrival context; Causal relations; Historical/Coordination context; Opportunity/Valuation,"Do not turn excitation/stability/model fit into price forecast, market danger, manipulation, or profitability.",,UNMAPPED_REVIEW,993c147ea9a3eb371c5b51d3210088bd8aec708a
hawkes,excitation_decay:buy_from_sell,hawkes/excitation_decay:buy_from_sell,fitted_model_quantity,ARRIVAL_MODEL_STATE,Exponential excitation decay rate for the named target/source kernel.,Requires a usable/identified Hawkes fit or compensator where applicable. Fit diagnostics/uncertainty affect whether downstream valuation may rely on it.,,Arrival context; Causal relations; Historical/Coordination context; Opportunity/Valuation,"Do not turn excitation/stability/model fit into price forecast, market danger, manipulation, or profitability.",,UNMAPPED_REVIEW,993c147ea9a3eb371c5b51d3210088bd8aec708a
hawkes,excitation_decay:sell_from_buy,hawkes/excitation_decay:sell_from_buy,fitted_model_quantity,ARRIVAL_MODEL_STATE,Exponential excitation decay rate for the named target/source kernel.,Requires a usable/identified Hawkes fit or compensator where applicable. Fit diagnostics/uncertainty affect whether downstream valuation may rely on it.,,Arrival context; Causal relations; Historical/Coordination context; Opportunity/Valuation,"Do not turn excitation/stability/model fit into price forecast, market danger, manipulation, or profitability.",,UNMAPPED_REVIEW,993c147ea9a3eb371c5b51d3210088bd8aec708a
hawkes,excitation_decay:sell_from_sell,hawkes/excitation_decay:sell_from_sell,fitted_model_quantity,ARRIVAL_MODEL_STATE,Exponential excitation decay rate for the named target/source kernel.,Requires a usable/identified Hawkes fit or compensator where applicable. Fit diagnostics/uncertainty affect whether downstream valuation may rely on it.,,Arrival context; Causal relations; Historical/Coordination context; Opportunity/Valuation,"Do not turn excitation/stability/model fit into price forecast, market danger, manipulation, or profitability.",,UNMAPPED_REVIEW,993c147ea9a3eb371c5b51d3210088bd8aec708a
hawkes,excitation_timescale:buy_from_buy,hawkes/excitation_timescale:buy_from_buy,fitted_model_quantity,ARRIVAL_MODEL_STATE,E-folding duration (1/beta) for the named target/source excitation kernel; useful as an externally derived temporal scale.,Requires a usable/identified Hawkes fit or compensator where applicable. Fit diagnostics/uncertainty affect whether downstream valuation may rely on it.,,Arrival context; Causal relations; Historical/Coordination context; Opportunity/Valuation,"Do not turn excitation/stability/model fit into price forecast, market danger, manipulation, or profitability.",,UNMAPPED_REVIEW,993c147ea9a3eb371c5b51d3210088bd8aec708a
hawkes,excitation_timescale:buy_from_sell,hawkes/excitation_timescale:buy_from_sell,fitted_model_quantity,ARRIVAL_MODEL_STATE,E-folding duration (1/beta) for the named target/source excitation kernel; useful as an externally derived temporal scale.,Requires a usable/identified Hawkes fit or compensator where applicable. Fit diagnostics/uncertainty affect whether downstream valuation may rely on it.,,Arrival context; Causal relations; Historical/Coordination context; Opportunity/Valuation,"Do not turn excitation/stability/model fit into price forecast, market danger, manipulation, or profitability.",,UNMAPPED_REVIEW,993c147ea9a3eb371c5b51d3210088bd8aec708a
hawkes,excitation_timescale:sell_from_buy,hawkes/excitation_timescale:sell_from_buy,fitted_model_quantity,ARRIVAL_MODEL_STATE,E-folding duration (1/beta) for the named target/source excitation kernel; useful as an externally derived temporal scale.,Requires a usable/identified Hawkes fit or compensator where applicable. Fit diagnostics/uncertainty affect whether downstream valuation may rely on it.,,Arrival context; Causal relations; Historical/Coordination context; Opportunity/Valuation,"Do not turn excitation/stability/model fit into price forecast, market danger, manipulation, or profitability.",,UNMAPPED_REVIEW,993c147ea9a3eb371c5b51d3210088bd8aec708a
hawkes,excitation_timescale:sell_from_sell,hawkes/excitation_timescale:sell_from_sell,fitted_model_quantity,ARRIVAL_MODEL_STATE,E-folding duration (1/beta) for the named target/source excitation kernel; useful as an externally derived temporal scale.,Requires a usable/identified Hawkes fit or compensator where applicable. Fit diagnostics/uncertainty affect whether downstream valuation may rely on it.,,Arrival context; Causal relations; Historical/Coordination context; Opportunity/Valuation,"Do not turn excitation/stability/model fit into price forecast, market danger, manipulation, or profitability.",,UNMAPPED_REVIEW,993c147ea9a3eb371c5b51d3210088bd8aec708a
hawkes,offspring:buy_from_buy,hawkes/offspring:buy_from_buy,fitted_model_quantity,ARRIVAL_MODEL_STATE,Expected direct descendant events for the named target/source kernel (alpha/beta).,Requires a usable/identified Hawkes fit or compensator where applicable. Fit diagnostics/uncertainty affect whether downstream valuation may rely on it.,,Arrival context; Causal relations; Historical/Coordination context; Opportunity/Valuation,"Do not turn excitation/stability/model fit into price forecast, market danger, manipulation, or profitability.",,UNMAPPED_REVIEW,993c147ea9a3eb371c5b51d3210088bd8aec708a
hawkes,offspring:buy_from_sell,hawkes/offspring:buy_from_sell,fitted_model_quantity,ARRIVAL_MODEL_STATE,Expected direct descendant events for the named target/source kernel (alpha/beta).,Requires a usable/identified Hawkes fit or compensator where applicable. Fit diagnostics/uncertainty affect whether downstream valuation may rely on it.,,Arrival context; Causal relations; Historical/Coordination context; Opportunity/Valuation,"Do not turn excitation/stability/model fit into price forecast, market danger, manipulation, or profitability.",,UNMAPPED_REVIEW,993c147ea9a3eb371c5b51d3210088bd8aec708a
hawkes,offspring:sell_from_buy,hawkes/offspring:sell_from_buy,fitted_model_quantity,ARRIVAL_MODEL_STATE,Expected direct descendant events for the named target/source kernel (alpha/beta).,Requires a usable/identified Hawkes fit or compensator where applicable. Fit diagnostics/uncertainty affect whether downstream valuation may rely on it.,,Arrival context; Causal relations; Historical/Coordination context; Opportunity/Valuation,"Do not turn excitation/stability/model fit into price forecast, market danger, manipulation, or profitability.",,UNMAPPED_REVIEW,993c147ea9a3eb371c5b51d3210088bd8aec708a
hawkes,offspring:sell_from_sell,hawkes/offspring:sell_from_sell,fitted_model_quantity,ARRIVAL_MODEL_STATE,Expected direct descendant events for the named target/source kernel (alpha/beta).,Requires a usable/identified Hawkes fit or compensator where applicable. Fit diagnostics/uncertainty affect whether downstream valuation may rely on it.,,Arrival context; Causal relations; Historical/Coordination context; Opportunity/Valuation,"Do not turn excitation/stability/model fit into price forecast, market danger, manipulation, or profitability.",,UNMAPPED_REVIEW,993c147ea9a3eb371c5b51d3210088bd8aec708a
hawkes,branching_spectral_radius,hawkes/branching_spectral_radius,fitted_model_quantity,ARRIVAL_MODEL_STATE,"Spectral radius of the Hawkes branching matrix; theorem-defined process stability geometry, not market danger.",Requires a usable/identified Hawkes fit or compensator where applicable. Fit diagnostics/uncertainty affect whether downstream valuation may rely on it.,"Category:Turbulent,VerticalIgnition",Category(current; review semantics); Arrival context; Causal relations; Historical/Coordination context; Opportunity/Valuation,"Do not turn excitation/stability/model fit into price forecast, market danger, manipulation, or profitability.",,KEEP_NAMED_USE,993c147ea9a3eb371c5b51d3210088bd8aec708a
hawkes,expected_descendants_from_buy,hawkes/expected_descendants_from_buy,derived_measurement,ARRIVAL_MODEL_STATE,"Expected total future descendants under the fitted stationary branching model, excluding the ancestor; undefined at/above non-stationary boundary.",Requires a usable/identified Hawkes fit or compensator where applicable. Fit diagnostics/uncertainty affect whether downstream valuation may rely on it.,,Arrival context; Causal relations; Historical/Coordination context; Opportunity/Valuation,"Do not turn excitation/stability/model fit into price forecast, market danger, manipulation, or profitability.",,UNMAPPED_REVIEW,993c147ea9a3eb371c5b51d3210088bd8aec708a
hawkes,expected_descendants_from_sell,hawkes/expected_descendants_from_sell,derived_measurement,ARRIVAL_MODEL_STATE,"Expected total future descendants under the fitted stationary branching model, excluding the ancestor; undefined at/above non-stationary boundary.",Requires a usable/identified Hawkes fit or compensator where applicable. Fit diagnostics/uncertainty affect whether downstream valuation may rely on it.,,Arrival context; Causal relations; Historical/Coordination context; Opportunity/Valuation,"Do not turn excitation/stability/model fit into price forecast, market danger, manipulation, or profitability.",,UNMAPPED_REVIEW,993c147ea9a3eb371c5b51d3210088bd8aec708a
hawkes,log_likelihood:hawkes,hawkes/log_likelihood:hawkes,fitted_model_quantity,ARRIVAL_MODEL_STATE,"Hawkes/model-fit likelihood or gain diagnostic; assesses model explanation versus alternatives, not direction or profitability.",Requires a usable/identified Hawkes fit or compensator where applicable. Fit diagnostics/uncertainty affect whether downstream valuation may rely on it.,,Arrival context; Causal relations; Historical/Coordination context; Opportunity/Valuation,"Do not turn excitation/stability/model fit into price forecast, market danger, manipulation, or profitability.",,UNMAPPED_REVIEW,993c147ea9a3eb371c5b51d3210088bd8aec708a
hawkes,log_likelihood:poisson,hawkes/log_likelihood:poisson,fitted_model_quantity,ARRIVAL_MODEL_STATE,"Hawkes/model-fit likelihood or gain diagnostic; assesses model explanation versus alternatives, not direction or profitability.",Requires a usable/identified Hawkes fit or compensator where applicable. Fit diagnostics/uncertainty affect whether downstream valuation may rely on it.,,Arrival context; Causal relations; Historical/Coordination context; Opportunity/Valuation,"Do not turn excitation/stability/model fit into price forecast, market danger, manipulation, or profitability.",,UNMAPPED_REVIEW,993c147ea9a3eb371c5b51d3210088bd8aec708a
hawkes,log_likelihood:self_only,hawkes/log_likelihood:self_only,fitted_model_quantity,ARRIVAL_MODEL_STATE,"Hawkes/model-fit likelihood or gain diagnostic; assesses model explanation versus alternatives, not direction or profitability.",Requires a usable/identified Hawkes fit or compensator where applicable. Fit diagnostics/uncertainty affect whether downstream valuation may rely on it.,,Arrival context; Causal relations; Historical/Coordination context; Opportunity/Valuation,"Do not turn excitation/stability/model fit into price forecast, market danger, manipulation, or profitability.",,UNMAPPED_REVIEW,993c147ea9a3eb371c5b51d3210088bd8aec708a
hawkes,log_likelihood_gain_vs_poisson,hawkes/log_likelihood_gain_vs_poisson,fitted_model_quantity,ARRIVAL_MODEL_STATE,"Hawkes/model-fit likelihood or gain diagnostic; assesses model explanation versus alternatives, not direction or profitability.",Requires a usable/identified Hawkes fit or compensator where applicable. Fit diagnostics/uncertainty affect whether downstream valuation may rely on it.,,Arrival context; Causal relations; Historical/Coordination context; Opportunity/Valuation,"Do not turn excitation/stability/model fit into price forecast, market danger, manipulation, or profitability.",,UNMAPPED_REVIEW,993c147ea9a3eb371c5b51d3210088bd8aec708a
hawkes,log_likelihood_gain_vs_self_only,hawkes/log_likelihood_gain_vs_self_only,fitted_model_quantity,ARRIVAL_MODEL_STATE,"Hawkes/model-fit likelihood or gain diagnostic; assesses model explanation versus alternatives, not direction or profitability.",Requires a usable/identified Hawkes fit or compensator where applicable. Fit diagnostics/uncertainty affect whether downstream valuation may rely on it.,,Arrival context; Causal relations; Historical/Coordination context; Opportunity/Valuation,"Do not turn excitation/stability/model fit into price forecast, market danger, manipulation, or profitability.",,UNMAPPED_REVIEW,993c147ea9a3eb371c5b51d3210088bd8aec708a
hawkes,log_likelihood_per_event:hawkes,hawkes/log_likelihood_per_event:hawkes,fitted_model_quantity,ARRIVAL_MODEL_STATE,"Hawkes/model-fit likelihood or gain diagnostic; assesses model explanation versus alternatives, not direction or profitability.",Requires a usable/identified Hawkes fit or compensator where applicable. Fit diagnostics/uncertainty affect whether downstream valuation may rely on it.,,Arrival context; Causal relations; Historical/Coordination context; Opportunity/Valuation,"Do not turn excitation/stability/model fit into price forecast, market danger, manipulation, or profitability.",,UNMAPPED_REVIEW,993c147ea9a3eb371c5b51d3210088bd8aec708a
hawkes,log_likelihood_gain_per_event_vs_poisson,hawkes/log_likelihood_gain_per_event_vs_poisson,fitted_model_quantity,ARRIVAL_MODEL_STATE,"Hawkes/model-fit likelihood or gain diagnostic; assesses model explanation versus alternatives, not direction or profitability.",Requires a usable/identified Hawkes fit or compensator where applicable. Fit diagnostics/uncertainty affect whether downstream valuation may rely on it.,,Arrival context; Causal relations; Historical/Coordination context; Opportunity/Valuation,"Do not turn excitation/stability/model fit into price forecast, market danger, manipulation, or profitability.",,UNMAPPED_REVIEW,993c147ea9a3eb371c5b51d3210088bd8aec708a
hawkes,log_likelihood_gain_per_event_vs_self_only,hawkes/log_likelihood_gain_per_event_vs_self_only,fitted_model_quantity,ARRIVAL_MODEL_STATE,"Hawkes/model-fit likelihood or gain diagnostic; assesses model explanation versus alternatives, not direction or profitability.",Requires a usable/identified Hawkes fit or compensator where applicable. Fit diagnostics/uncertainty affect whether downstream valuation may rely on it.,,Arrival context; Causal relations; Historical/Coordination context; Opportunity/Valuation,"Do not turn excitation/stability/model fit into price forecast, market danger, manipulation, or profitability.",,UNMAPPED_REVIEW,993c147ea9a3eb371c5b51d3210088bd8aec708a
hawkes,conditional_intensity_velocity,hawkes/conditional_intensity_velocity,temporal_dynamic_or_rate,CONTEXT_OR_MODEL_FEATURE,Model-implied instantaneous pre-arrival event intensity across marks.,Requires prior causal estimator/state appropriate to the metric; undefined until that prerequisite exists.,,Arrival context; Causal relations; Historical/Coordination context; Opportunity/Valuation,"Do not turn excitation/stability/model fit into price forecast, market danger, manipulation, or profitability.",,UNMAPPED_REVIEW,993c147ea9a3eb371c5b51d3210088bd8aec708a
hawkes,spectral_radius_velocity,hawkes/spectral_radius_velocity,temporal_dynamic_or_rate,CONTEXT_OR_MODEL_FEATURE,Rate of change of fitted branching spectral radius.,Requires prior causal estimator/state appropriate to the metric; undefined until that prerequisite exists.,,Arrival context; Causal relations; Historical/Coordination context; Opportunity/Valuation,"Do not turn excitation/stability/model fit into price forecast, market danger, manipulation, or profitability.",,UNMAPPED_REVIEW,993c147ea9a3eb371c5b51d3210088bd8aec708a
hawkes,compensator:buy,hawkes/compensator:buy,fitted_model_quantity,ARRIVAL_MODEL_STATE,Integrated fitted event intensity for the buy channel over the interval.,Requires a usable/identified Hawkes fit or compensator where applicable. Fit diagnostics/uncertainty affect whether downstream valuation may rely on it.,,Arrival context; Causal relations; Historical/Coordination context; Opportunity/Valuation,"Do not turn excitation/stability/model fit into price forecast, market danger, manipulation, or profitability.",,UNMAPPED_REVIEW,993c147ea9a3eb371c5b51d3210088bd8aec708a
hawkes,compensator:sell,hawkes/compensator:sell,fitted_model_quantity,ARRIVAL_MODEL_STATE,Integrated fitted event intensity for the sell channel over the interval.,Requires a usable/identified Hawkes fit or compensator where applicable. Fit diagnostics/uncertainty affect whether downstream valuation may rely on it.,,Arrival context; Causal relations; Historical/Coordination context; Opportunity/Valuation,"Do not turn excitation/stability/model fit into price forecast, market danger, manipulation, or profitability.",,UNMAPPED_REVIEW,993c147ea9a3eb371c5b51d3210088bd8aec708a
hawkes,count_innovation:buy,hawkes/count_innovation:buy,fitted_model_quantity,ARRIVAL_MODEL_STATE,Observed minus compensator event-count residual for the buy channel.,Requires a usable/identified Hawkes fit or compensator where applicable. Fit diagnostics/uncertainty affect whether downstream valuation may rely on it.,,Arrival context; Causal relations; Historical/Coordination context; Opportunity/Valuation,"Do not turn excitation/stability/model fit into price forecast, market danger, manipulation, or profitability.",,UNMAPPED_REVIEW,993c147ea9a3eb371c5b51d3210088bd8aec708a
hawkes,count_innovation:sell,hawkes/count_innovation:sell,fitted_model_quantity,ARRIVAL_MODEL_STATE,Observed minus compensator event-count residual for the sell channel.,Requires a usable/identified Hawkes fit or compensator where applicable. Fit diagnostics/uncertainty affect whether downstream valuation may rely on it.,,Arrival context; Causal relations; Historical/Coordination context; Opportunity/Valuation,"Do not turn excitation/stability/model fit into price forecast, market danger, manipulation, or profitability.",,UNMAPPED_REVIEW,993c147ea9a3eb371c5b51d3210088bd8aec708a
hawkes,standardized_innovation:buy,hawkes/standardized_innovation:buy,standardized_historical_comparison,ARRIVAL_MODEL_STATE,Noise-standardized point-process residual for the buy channel; model-surprise diagnostic.,"Requires a causal baseline/noise model. Definedness and estimator support matter; magnitude is unusualness, not probability.",,Arrival context; Causal relations; Historical/Coordination context; Opportunity/Valuation,"Do not turn excitation/stability/model fit into price forecast, market danger, manipulation, or profitability.",,UNMAPPED_REVIEW,993c147ea9a3eb371c5b51d3210088bd8aec708a
hawkes,standardized_innovation:sell,hawkes/standardized_innovation:sell,standardized_historical_comparison,ARRIVAL_MODEL_STATE,Noise-standardized point-process residual for the sell channel; model-surprise diagnostic.,"Requires a causal baseline/noise model. Definedness and estimator support matter; magnitude is unusualness, not probability.",,Arrival context; Causal relations; Historical/Coordination context; Opportunity/Valuation,"Do not turn excitation/stability/model fit into price forecast, market danger, manipulation, or profitability.",,UNMAPPED_REVIEW,993c147ea9a3eb371c5b51d3210088bd8aec708a
leadlag,last_price,leadlag/last_price,direct_or_derived_measurement,RELATIONSHIP_STATE,Current price sample retained to form the focal return path.,Direct/derived fact remains valid when its stated source observations are valid; historical Maturity is not required unless the metric itself depends on history.,,Coordination/Coattail context; Causal relations; Opportunity/Valuation; Hindsight,Do not call the earlier series causal/leader or treat searched lag as exploitable without validation/costs.,,UNMAPPED_REVIEW,993c147ea9a3eb371c5b51d3210088bd8aec708a
leadlag,observation_count,leadlag/observation_count,direct_or_derived_measurement,RELATIONSHIP_STATE,Retained focal price support; provenance only.,Direct/derived fact remains valid when its stated source observations are valid; historical Maturity is not required unless the metric itself depends on history.,,Coordination/Coattail context; Causal relations; Opportunity/Valuation; Hindsight,Do not call the earlier series causal/leader or treat searched lag as exploitable without validation/costs.,,UNMAPPED_REVIEW,993c147ea9a3eb371c5b51d3210088bd8aec708a
leadlag,contemporaneous_correlation,leadlag/contemporaneous_correlation,derived_dimensionless,RELATIONSHIP_STATE,Return dependence at zero lag.,Requires temporally valid path overlap/support appropriate to the statistic; missing support is not zero relationship.,Category:SynchronizedDrift,Category(current; review semantics); Coordination/Coattail context; Causal relations; Opportunity/Valuation; Hindsight,Do not call the earlier series causal/leader or treat searched lag as exploitable without validation/costs.,,KEEP_NAMED_USE,993c147ea9a3eb371c5b51d3210088bd8aec708a
leadlag,best_lag_correlation,leadlag/best_lag_correlation,derived_dimensionless,RELATIONSHIP_STATE,Strongest measured correlation over the declared lag search domain.,Requires temporally valid path overlap/support appropriate to the statistic; missing support is not zero relationship.,,Coordination/Coattail context; Causal relations; Opportunity/Valuation; Hindsight,Do not call the earlier series causal/leader or treat searched lag as exploitable without validation/costs.,,UNMAPPED_REVIEW,993c147ea9a3eb371c5b51d3210088bd8aec708a
leadlag,best_lag_index,leadlag/best_lag_index,derived_measurement,RELATIONSHIP_STATE,"Index of the selected lag within the search grid; provenance, not economic lag itself.",Requires temporally valid path overlap/support appropriate to the statistic; missing support is not zero relationship.,,Coordination/Coattail context; Causal relations; Opportunity/Valuation; Hindsight,Do not call the earlier series causal/leader or treat searched lag as exploitable without validation/costs.,,UNMAPPED_REVIEW,993c147ea9a3eb371c5b51d3210088bd8aec708a
leadlag,best_lag_seconds,leadlag/best_lag_seconds,derived_measurement,RELATIONSHIP_STATE,"Temporal offset at the strongest measured correlation; precedence only, not causality/leadership.",Requires temporally valid path overlap/support appropriate to the statistic; missing support is not zero relationship.,,Coordination/Coattail context; Causal relations; Opportunity/Valuation; Hindsight,Do not call the earlier series causal/leader or treat searched lag as exploitable without validation/costs.,,UNMAPPED_REVIEW,993c147ea9a3eb371c5b51d3210088bd8aec708a
leadlag,absolute_correlation_gain,leadlag/absolute_correlation_gain,derived_dimensionless,RELATIONSHIP_STATE,Improvement in |correlation| from temporal shifting over zero-lag alignment.,Requires temporally valid path overlap/support appropriate to the statistic; missing support is not zero relationship.,,Coordination/Coattail context; Causal relations; Opportunity/Valuation; Hindsight,Do not call the earlier series causal/leader or treat searched lag as exploitable without validation/costs.,,UNMAPPED_REVIEW,993c147ea9a3eb371c5b51d3210088bd8aec708a
leadlag,lag_fraction,leadlag/lag_fraction,derived_dimensionless,RELATIONSHIP_STATE,"Selected lag relative to search span; search-domain provenance, not universal strength score.",Requires temporally valid path overlap/support appropriate to the statistic; missing support is not zero relationship.,Category:DecoupledMove,Category(current; review semantics); Coordination/Coattail context; Causal relations; Opportunity/Valuation; Hindsight,Do not call the earlier series causal/leader or treat searched lag as exploitable without validation/costs.,"REVIEW: spec explicitly says lag_fraction is search-domain provenance, not universal relationship strength.",KEEP_REVIEW_CURRENT_USE,993c147ea9a3eb371c5b51d3210088bd8aec708a
leadlag,lag_search_resolution_seconds,leadlag/lag_search_resolution_seconds,derived_measurement,RELATIONSHIP_STATE,Time resolution of the lag search; inference provenance.,Requires temporally valid path overlap/support appropriate to the statistic; missing support is not zero relationship.,,Coordination/Coattail context; Causal relations; Opportunity/Valuation; Hindsight,Do not call the earlier series causal/leader or treat searched lag as exploitable without validation/costs.,,UNMAPPED_REVIEW,993c147ea9a3eb371c5b51d3210088bd8aec708a
leadlag,lag_search_span,leadlag/lag_search_span,derived_measurement,RELATIONSHIP_STATE,Total lag domain searched; inference provenance.,Requires temporally valid path overlap/support appropriate to the statistic; missing support is not zero relationship.,,Coordination/Coattail context; Causal relations; Opportunity/Valuation; Hindsight,Do not call the earlier series causal/leader or treat searched lag as exploitable without validation/costs.,,UNMAPPED_REVIEW,993c147ea9a3eb371c5b51d3210088bd8aec708a
leadlag,reference_return_count,leadlag/reference_return_count,support_or_inference,ESTIMABILITY,Return observations supporting the reference path.,Controls estimability/uncertainty of an inference. Never directional evidence and never a hand-tuned weight.,,Coordination/Coattail context; Causal relations; Opportunity/Valuation; Hindsight; Estimator/valuation definedness and uncertainty,Do not call the earlier series causal/leader or treat searched lag as exploitable without validation/costs. Do not use support/p-value/SE/sample count as directional evidence or multiply it into the observed value.,,UNMAPPED_REVIEW,993c147ea9a3eb371c5b51d3210088bd8aec708a
leadlag,measured_return_count,leadlag/measured_return_count,support_or_inference,ESTIMABILITY,Return observations supporting the measured path.,Controls estimability/uncertainty of an inference. Never directional evidence and never a hand-tuned weight.,,Coordination/Coattail context; Causal relations; Opportunity/Valuation; Hindsight; Estimator/valuation definedness and uncertainty,Do not call the earlier series causal/leader or treat searched lag as exploitable without validation/costs. Do not use support/p-value/SE/sample count as directional evidence or multiply it into the observed value.,,UNMAPPED_REVIEW,993c147ea9a3eb371c5b51d3210088bd8aec708a
leadlag,overlap_pair_count,leadlag/overlap_pair_count,support_or_inference,ESTIMABILITY,Number of paired returns available to lag estimation.,Controls estimability/uncertainty of an inference. Never directional evidence and never a hand-tuned weight.,,Coordination/Coattail context; Causal relations; Opportunity/Valuation; Hindsight; Estimator/valuation definedness and uncertainty,Do not call the earlier series causal/leader or treat searched lag as exploitable without validation/costs. Do not use support/p-value/SE/sample count as directional evidence or multiply it into the observed value.,,UNMAPPED_REVIEW,993c147ea9a3eb371c5b51d3210088bd8aec708a
leadlag,effective_sample_count,leadlag/effective_sample_count,support_or_inference,ESTIMABILITY,Effective independent support for correlation/lag inference.,Controls estimability/uncertainty of an inference. Never directional evidence and never a hand-tuned weight.,,Coordination/Coattail context; Causal relations; Opportunity/Valuation; Hindsight; Estimator/valuation definedness and uncertainty,Do not call the earlier series causal/leader or treat searched lag as exploitable without validation/costs. Do not use support/p-value/SE/sample count as directional evidence or multiply it into the observed value.,,UNMAPPED_REVIEW,993c147ea9a3eb371c5b51d3210088bd8aec708a
leadlag,search_count,leadlag/search_count,support_or_inference,ESTIMABILITY,Number of lag candidates searched; multiple-search provenance.,Controls estimability/uncertainty of an inference. Never directional evidence and never a hand-tuned weight.,,Coordination/Coattail context; Causal relations; Opportunity/Valuation; Hindsight; Estimator/valuation definedness and uncertainty,Do not call the earlier series causal/leader or treat searched lag as exploitable without validation/costs. Do not use support/p-value/SE/sample count as directional evidence or multiply it into the observed value.,,UNMAPPED_REVIEW,993c147ea9a3eb371c5b51d3210088bd8aec708a
leadlag,lag_peak_prominence,leadlag/lag_peak_prominence,derived_measurement,RELATIONSHIP_STATE,How distinctly the selected lag peak rises above neighboring lag correlations.,Requires temporally valid path overlap/support appropriate to the statistic; missing support is not zero relationship.,,Coordination/Coattail context; Causal relations; Opportunity/Valuation; Hindsight,Do not call the earlier series causal/leader or treat searched lag as exploitable without validation/costs.,,UNMAPPED_REVIEW,993c147ea9a3eb371c5b51d3210088bd8aec708a
leadlag,lag_peak_curvature,leadlag/lag_peak_curvature,derived_measurement,RELATIONSHIP_STATE,Local sharpness of the selected lag peak; broad plateaus are less temporally specific.,Requires temporally valid path overlap/support appropriate to the statistic; missing support is not zero relationship.,,Coordination/Coattail context; Causal relations; Opportunity/Valuation; Hindsight,Do not call the earlier series causal/leader or treat searched lag as exploitable without validation/costs.,,UNMAPPED_REVIEW,993c147ea9a3eb371c5b51d3210088bd8aec708a
leadlag,correlation_p_value,leadlag/correlation_p_value,support_or_inference,ESTIMABILITY,Inferential p-value for selected lag correlation under stated assumptions.,Controls estimability/uncertainty of an inference. Never directional evidence and never a hand-tuned weight.,,Coordination/Coattail context; Causal relations; Opportunity/Valuation; Hindsight; Estimator/valuation definedness and uncertainty,Do not call the earlier series causal/leader or treat searched lag as exploitable without validation/costs. Do not use support/p-value/SE/sample count as directional evidence or multiply it into the observed value.,,UNMAPPED_REVIEW,993c147ea9a3eb371c5b51d3210088bd8aec708a
leadlag,search_adjusted_p_value,leadlag/search_adjusted_p_value,support_or_inference,ESTIMABILITY,P-value adjusted for the lag search multiplicity under stated assumptions.,Controls estimability/uncertainty of an inference. Never directional evidence and never a hand-tuned weight.,,Coordination/Coattail context; Causal relations; Opportunity/Valuation; Hindsight; Estimator/valuation definedness and uncertainty,Do not call the earlier series causal/leader or treat searched lag as exploitable without validation/costs. Do not use support/p-value/SE/sample count as directional evidence or multiply it into the observed value.,,UNMAPPED_REVIEW,993c147ea9a3eb371c5b51d3210088bd8aec708a
leadlag,lag_baseline_seconds,leadlag/lag_baseline_seconds,derived_measurement,CONTEXT_OR_MODEL_FEATURE,Causal historical reference lag for this relation.,Requires prior causal estimator/state appropriate to the metric; undefined until that prerequisite exists.,,Coordination/Coattail context; Causal relations; Opportunity/Valuation; Hindsight,"Do not call the earlier series causal/leader or treat searched lag as exploitable without validation/costs. Baseline is reference state, not a trading signal.",,UNMAPPED_REVIEW,993c147ea9a3eb371c5b51d3210088bd8aec708a
leadlag,lag_divergence_seconds,leadlag/lag_divergence_seconds,historical_comparison,CONTEXT_OR_MODEL_FEATURE,Current lag departure from historical lag reference.,Requires prior causal estimator/state appropriate to the metric; undefined until that prerequisite exists.,,Coordination/Coattail context; Causal relations; Opportunity/Valuation; Hindsight,Do not call the earlier series causal/leader or treat searched lag as exploitable without validation/costs.,,UNMAPPED_REVIEW,993c147ea9a3eb371c5b51d3210088bd8aec708a
leadlag,lag_noise_scale_seconds,leadlag/lag_noise_scale_seconds,derived_measurement,RELATIONSHIP_STATE,Historical residual noise scale of lag estimates.,Requires temporally valid path overlap/support appropriate to the statistic; missing support is not zero relationship.,,Coordination/Coattail context; Causal relations; Opportunity/Valuation; Hindsight,Do not call the earlier series causal/leader or treat searched lag as exploitable without validation/costs.,,UNMAPPED_REVIEW,993c147ea9a3eb371c5b51d3210088bd8aec708a
leadlag,lag_zscore,leadlag/lag_zscore,standardized_historical_comparison,CONTEXT_OR_MODEL_FEATURE,Standardized unusualness of the current lag.,"Requires a causal baseline/noise model. Definedness and estimator support matter; magnitude is unusualness, not probability.",Category:DecoupledMove,Category(current; review semantics); Coordination/Coattail context; Causal relations; Opportunity/Valuation; Hindsight,"Do not call the earlier series causal/leader or treat searched lag as exploitable without validation/costs. Z-score is standardized unusualness, not probability/confidence and not a universal [0,1] weight.",,KEEP_NAMED_USE,993c147ea9a3eb371c5b51d3210088bd8aec708a
leadlag,lag_velocity,leadlag/lag_velocity,temporal_dynamic_or_rate,CONTEXT_OR_MODEL_FEATURE,Rate at which the estimated lag is moving.,Requires prior causal estimator/state appropriate to the metric; undefined until that prerequisite exists.,,Coordination/Coattail context; Causal relations; Opportunity/Valuation; Hindsight,Do not call the earlier series causal/leader or treat searched lag as exploitable without validation/costs.,,UNMAPPED_REVIEW,993c147ea9a3eb371c5b51d3210088bd8aec708a
leadlag,correlation_gain_baseline,leadlag/correlation_gain_baseline,historical_reference,CONTEXT_OR_MODEL_FEATURE,Historical reference for the benefit of temporal shifting.,Requires prior causal estimator/state appropriate to the metric; undefined until that prerequisite exists.,,Coordination/Coattail context; Causal relations; Opportunity/Valuation; Hindsight,"Do not call the earlier series causal/leader or treat searched lag as exploitable without validation/costs. Baseline is reference state, not a trading signal.",,UNMAPPED_REVIEW,993c147ea9a3eb371c5b51d3210088bd8aec708a
leadlag,correlation_gain_zscore,leadlag/correlation_gain_zscore,standardized_historical_comparison,CONTEXT_OR_MODEL_FEATURE,Standardized unusualness of current correlation gain.,"Requires a causal baseline/noise model. Definedness and estimator support matter; magnitude is unusualness, not probability.",Category:InefficientLag,Category(current; review semantics); Coordination/Coattail context; Causal relations; Opportunity/Valuation; Hindsight,"Do not call the earlier series causal/leader or treat searched lag as exploitable without validation/costs. Z-score is standardized unusualness, not probability/confidence and not a universal [0,1] weight.",,KEEP_NAMED_USE,993c147ea9a3eb371c5b51d3210088bd8aec708a
leadlag,correlation_gain_velocity,leadlag/correlation_gain_velocity,temporal_dynamic_or_rate,CONTEXT_OR_MODEL_FEATURE,Rate of change of temporal-shift correlation gain.,Requires prior causal estimator/state appropriate to the metric; undefined until that prerequisite exists.,,Coordination/Coattail context; Causal relations; Opportunity/Valuation; Hindsight,Do not call the earlier series causal/leader or treat searched lag as exploitable without validation/costs.,,UNMAPPED_REVIEW,993c147ea9a3eb371c5b51d3210088bd8aec708a
leadlag,best_lag_correlation_baseline,leadlag/best_lag_correlation_baseline,historical_reference,CONTEXT_OR_MODEL_FEATURE,Historical reference for best-lag correlation.,Requires prior causal estimator/state appropriate to the metric; undefined until that prerequisite exists.,,Coordination/Coattail context; Causal relations; Opportunity/Valuation; Hindsight,"Do not call the earlier series causal/leader or treat searched lag as exploitable without validation/costs. Baseline is reference state, not a trading signal.",,UNMAPPED_REVIEW,993c147ea9a3eb371c5b51d3210088bd8aec708a
leadlag,best_lag_correlation_zscore,leadlag/best_lag_correlation_zscore,standardized_historical_comparison,CONTEXT_OR_MODEL_FEATURE,Standardized unusualness of best-lag correlation.,"Requires a causal baseline/noise model. Definedness and estimator support matter; magnitude is unusualness, not probability.",Category:AnchorStall,Category(current; review semantics); Coordination/Coattail context; Causal relations; Opportunity/Valuation; Hindsight,"Do not call the earlier series causal/leader or treat searched lag as exploitable without validation/costs. Z-score is standardized unusualness, not probability/confidence and not a universal [0,1] weight.",,KEEP_NAMED_USE,993c147ea9a3eb371c5b51d3210088bd8aec708a
liquidity,best_bid_price,liquidity/best_bid_price,direct_or_derived_measurement,EXECUTION_CONTEXT,Current executable best bid price; direct touch price fact.,Core touch fact from a valid uncrossed touch snapshot. The restored Liquidity spec defines richer historical Maturity/SNR separately; the current implementation does not yet project those baseline/noise/recurrence metrics.,,Liquidity/Execution context; historical Liquidity state once spec metrics are implemented; PositionRisk where executable-depth semantics apply; Opportunity/Valuation context,Do not treat touch capacity as whole-position executability or as bullish/bearish evidence.,,UNMAPPED_REVIEW,993c147ea9a3eb371c5b51d3210088bd8aec708a
liquidity,best_ask_price,liquidity/best_ask_price,direct_or_derived_measurement,EXECUTION_CONTEXT,Current executable best ask price; direct touch price fact.,Core touch fact from a valid uncrossed touch snapshot. The restored Liquidity spec defines richer historical Maturity/SNR separately; the current implementation does not yet project those baseline/noise/recurrence metrics.,,Liquidity/Execution context; historical Liquidity state once spec metrics are implemented; PositionRisk where executable-depth semantics apply; Opportunity/Valuation context,Do not treat touch capacity as whole-position executability or as bullish/bearish evidence.,,UNMAPPED_REVIEW,993c147ea9a3eb371c5b51d3210088bd8aec708a
liquidity,touch_quantity:bid,liquidity/touch_quantity:bid,direct_or_derived_measurement,EXECUTION_CONTEXT,Displayed base quantity at best bid.,Core touch fact from a valid uncrossed touch snapshot. The restored Liquidity spec defines richer historical Maturity/SNR separately; the current implementation does not yet project those baseline/noise/recurrence metrics.,,Liquidity/Execution context; historical Liquidity state once spec metrics are implemented; PositionRisk where executable-depth semantics apply; Opportunity/Valuation context,Do not treat touch capacity as whole-position executability or as bullish/bearish evidence.,,UNMAPPED_REVIEW,993c147ea9a3eb371c5b51d3210088bd8aec708a
liquidity,touch_quantity:ask,liquidity/touch_quantity:ask,direct_or_derived_measurement,EXECUTION_CONTEXT,Displayed base quantity at best ask.,Core touch fact from a valid uncrossed touch snapshot. The restored Liquidity spec defines richer historical Maturity/SNR separately; the current implementation does not yet project those baseline/noise/recurrence metrics.,,Liquidity/Execution context; historical Liquidity state once spec metrics are implemented; PositionRisk where executable-depth semantics apply; Opportunity/Valuation context,Do not treat touch capacity as whole-position executability or as bullish/bearish evidence.,,UNMAPPED_REVIEW,993c147ea9a3eb371c5b51d3210088bd8aec708a
liquidity,touch_notional:bid,liquidity/touch_notional:bid,direct_or_derived_measurement,EXECUTION_CONTEXT,Displayed quote notional at best bid.,Core touch fact from a valid uncrossed touch snapshot. The restored Liquidity spec defines richer historical Maturity/SNR separately; the current implementation does not yet project those baseline/noise/recurrence metrics.,,Liquidity/Execution context; historical Liquidity state once spec metrics are implemented; PositionRisk where executable-depth semantics apply; Opportunity/Valuation context,Do not treat touch capacity as whole-position executability or as bullish/bearish evidence.,,UNMAPPED_REVIEW,993c147ea9a3eb371c5b51d3210088bd8aec708a
liquidity,touch_notional:ask,liquidity/touch_notional:ask,direct_or_derived_measurement,EXECUTION_CONTEXT,Displayed quote notional at best ask.,Core touch fact from a valid uncrossed touch snapshot. The restored Liquidity spec defines richer historical Maturity/SNR separately; the current implementation does not yet project those baseline/noise/recurrence metrics.,,Liquidity/Execution context; historical Liquidity state once spec metrics are implemented; PositionRisk where executable-depth semantics apply; Opportunity/Valuation context,Do not treat touch capacity as whole-position executability or as bullish/bearish evidence.,,UNMAPPED_REVIEW,993c147ea9a3eb371c5b51d3210088bd8aec708a
liquidity,midpoint,liquidity/midpoint,direct_or_derived_measurement,EXECUTION_CONTEXT,"Current bid/ask midpoint; reference geometry, not executable price for a non-trivial position.",Core touch fact from a valid uncrossed touch snapshot. The restored Liquidity spec defines richer historical Maturity/SNR separately; the current implementation does not yet project those baseline/noise/recurrence metrics.,,Liquidity/Execution context; historical Liquidity state once spec metrics are implemented; PositionRisk where executable-depth semantics apply; Opportunity/Valuation context,Do not treat touch capacity as whole-position executability or as bullish/bearish evidence.,,UNMAPPED_REVIEW,993c147ea9a3eb371c5b51d3210088bd8aec708a
liquidity,spread,liquidity/spread,direct_or_derived_measurement,EXECUTION_CONTEXT,Absolute best-ask minus best-bid spread.,Core touch fact from a valid uncrossed touch snapshot. The restored Liquidity spec defines richer historical Maturity/SNR separately; the current implementation does not yet project those baseline/noise/recurrence metrics.,,Liquidity/Execution context; historical Liquidity state once spec metrics are implemented; PositionRisk where executable-depth semantics apply; Opportunity/Valuation context,Do not treat touch capacity as whole-position executability or as bullish/bearish evidence.,,UNMAPPED_REVIEW,993c147ea9a3eb371c5b51d3210088bd8aec708a
liquidity,relative_spread,liquidity/relative_spread,direct_or_derived_measurement,EXECUTION_CONTEXT,Spread divided by midpoint; scale-free touch transaction-cost geometry.,Core touch fact from a valid uncrossed touch snapshot. The restored Liquidity spec defines richer historical Maturity/SNR separately; the current implementation does not yet project those baseline/noise/recurrence metrics.,Category:ExtremeScarcity; advisor:liquidity,Category(current; review semantics); advisor:liquidity; Liquidity/Execution context; historical Liquidity state once spec metrics are implemented; PositionRisk where executable-depth semantics apply; Opportunity/Valuation context,Do not treat touch capacity as whole-position executability or as bullish/bearish evidence.,,KEEP_NAMED_USE,993c147ea9a3eb371c5b51d3210088bd8aec708a
liquidity,two_sided_touch_notional,liquidity/two_sided_touch_notional,direct_or_derived_measurement,EXECUTION_CONTEXT,Minimum of bid and ask touch notionals; conservative two-sided touch capacity.,Core touch fact from a valid uncrossed touch snapshot. The restored Liquidity spec defines richer historical Maturity/SNR separately; the current implementation does not yet project those baseline/noise/recurrence metrics.,Category:RobustLiquidity,Category(current; review semantics); Liquidity/Execution context; historical Liquidity state once spec metrics are implemented; PositionRisk where executable-depth semantics apply; Opportunity/Valuation context,Do not treat touch capacity as whole-position executability or as bullish/bearish evidence.,,KEEP_NAMED_USE,993c147ea9a3eb371c5b51d3210088bd8aec708a
liquidity,touch_notional_imbalance,liquidity/touch_notional_imbalance,derived_dimensionless,EXECUTION_CONTEXT,Scale-free asymmetry of bid vs ask touch notional.,Core touch fact from a valid uncrossed touch snapshot. The restored Liquidity spec defines richer historical Maturity/SNR separately; the current implementation does not yet project those baseline/noise/recurrence metrics.,"Category:ExtremeScarcity,RobustLiquidity; advisor:liquidity",Category(current; review semantics); advisor:liquidity; Liquidity/Execution context; historical Liquidity state once spec metrics are implemented; PositionRisk where executable-depth semantics apply; Opportunity/Valuation context,Do not treat touch capacity as whole-position executability or as bullish/bearish evidence.,REVIEW: same raw metric currently supports both ExtremeScarcity and RobustLiquidity; polarity/transform is absent.,KEEP_REVIEW_CURRENT_USE,993c147ea9a3eb371c5b51d3210088bd8aec708a
morphology,book_shape_distance,morphology/book_shape_distance,structural_metric,CONTEXT_INPUT,Wasserstein-style distance between folded bid/ask normalized depth distributions; average bilateral shape mismatch.,Current shape facts are stateless once a valid two-sided book exists; morphology_change additionally requires a prior comparable shape. SNR is not intrinsic.,,advisor:morphology (intended); Historical context; Coordination context; Hindsight,Do not infer manipulation/synthetic liquidity from unusual geometry alone.,,KEEP_NEEDS_COMPOSITION,993c147ea9a3eb371c5b51d3210088bd8aec708a
morphology,book_shape_ks,morphology/book_shape_ks,structural_metric,CONTEXT_INPUT,Maximum cumulative discrepancy between folded bid/ask normalized depth distributions; worst local bilateral mismatch.,Current shape facts are stateless once a valid two-sided book exists; morphology_change additionally requires a prior comparable shape. SNR is not intrinsic.,,advisor:morphology (intended); Historical context; Coordination context; Hindsight,Do not infer manipulation/synthetic liquidity from unusual geometry alone.,,KEEP_NEEDS_COMPOSITION,993c147ea9a3eb371c5b51d3210088bd8aec708a
morphology,concentration:bid,morphology/concentration:bid,structural_metric,CONTEXT_INPUT,Herfindahl concentration of normalized bid-side depth weights.,Current shape facts are stateless once a valid two-sided book exists; morphology_change additionally requires a prior comparable shape. SNR is not intrinsic.,,advisor:morphology (intended); Historical context; Coordination context; Hindsight,Do not infer manipulation/synthetic liquidity from unusual geometry alone.,,KEEP_NEEDS_COMPOSITION,993c147ea9a3eb371c5b51d3210088bd8aec708a
morphology,concentration:ask,morphology/concentration:ask,structural_metric,CONTEXT_INPUT,Herfindahl concentration of normalized ask-side depth weights.,Current shape facts are stateless once a valid two-sided book exists; morphology_change additionally requires a prior comparable shape. SNR is not intrinsic.,,advisor:morphology (intended); Historical context; Coordination context; Hindsight,Do not infer manipulation/synthetic liquidity from unusual geometry alone.,,KEEP_NEEDS_COMPOSITION,993c147ea9a3eb371c5b51d3210088bd8aec708a
morphology,entropy:bid,morphology/entropy:bid,structural_metric,CONTEXT_INPUT,Shannon entropy of normalized bid-side depth weights; spread of displayed size across levels.,Current shape facts are stateless once a valid two-sided book exists; morphology_change additionally requires a prior comparable shape. SNR is not intrinsic.,,advisor:morphology (intended); Historical context; Coordination context; Hindsight,Do not infer manipulation/synthetic liquidity from unusual geometry alone.,,KEEP_NEEDS_COMPOSITION,993c147ea9a3eb371c5b51d3210088bd8aec708a
morphology,entropy:ask,morphology/entropy:ask,structural_metric,CONTEXT_INPUT,Shannon entropy of normalized ask-side depth weights; spread of displayed size across levels.,Current shape facts are stateless once a valid two-sided book exists; morphology_change additionally requires a prior comparable shape. SNR is not intrinsic.,,advisor:morphology (intended); Historical context; Coordination context; Hindsight,Do not infer manipulation/synthetic liquidity from unusual geometry alone.,,KEEP_NEEDS_COMPOSITION,993c147ea9a3eb371c5b51d3210088bd8aec708a
morphology,morphology_change,morphology/morphology_change,structural_metric,CONTEXT_INPUT,"Distributional distance between current and prior normalized whole-book shape; structural change magnitude, not direction or intent.",Current shape facts are stateless once a valid two-sided book exists; morphology_change additionally requires a prior comparable shape. SNR is not intrinsic.,,advisor:morphology (intended); Historical context; Coordination context; Hindsight,Do not infer manipulation/synthetic liquidity from unusual geometry alone.,,KEEP_NEEDS_COMPOSITION,993c147ea9a3eb371c5b51d3210088bd8aec708a
pumpdump,trade_price,pumpdump/trade_price,direct_or_derived_measurement,ACTIVITY_STATE,Execution price of the current trade.,Direct/derived fact remains valid when its stated source observations are valid; historical Maturity is not required unless the metric itself depends on history.,,Activity context; Opportunity/Valuation; Historical context,Package name is legacy: do not emit or infer pump/dump/ignition/exhaustion/manipulation from activity facts alone.,,UNMAPPED_REVIEW,993c147ea9a3eb371c5b51d3210088bd8aec708a
pumpdump,trade_quantity,pumpdump/trade_quantity,direct_or_derived_measurement,ACTIVITY_STATE,Base quantity of the current trade.,Direct/derived fact remains valid when its stated source observations are valid; historical Maturity is not required unless the metric itself depends on history.,,Activity context; Opportunity/Valuation; Historical context,Package name is legacy: do not emit or infer pump/dump/ignition/exhaustion/manipulation from activity facts alone.,,UNMAPPED_REVIEW,993c147ea9a3eb371c5b51d3210088bd8aec708a
pumpdump,trade_notional,pumpdump/trade_notional,direct_or_derived_measurement,ACTIVITY_STATE,Economic quote notional of the current trade.,Direct/derived fact remains valid when its stated source observations are valid; historical Maturity is not required unless the metric itself depends on history.,,Activity context; Opportunity/Valuation; Historical context,Package name is legacy: do not emit or infer pump/dump/ignition/exhaustion/manipulation from activity facts alone.,,UNMAPPED_REVIEW,993c147ea9a3eb371c5b51d3210088bd8aec708a
pumpdump,trade_interval_seconds,pumpdump/trade_interval_seconds,derived_measurement,ACTIVITY_STATE,Elapsed time since the prior trade; direct event-cadence fact.,Direct/derived fact remains valid when its stated source observations are valid; historical Maturity is not required unless the metric itself depends on history.,Category:OrganicTrend,Category(current; review semantics); Activity context; Opportunity/Valuation; Historical context,Package name is legacy: do not emit or infer pump/dump/ignition/exhaustion/manipulation from activity facts alone.,,KEEP_NAMED_USE,993c147ea9a3eb371c5b51d3210088bd8aec708a
pumpdump,volume_bar_target_quantity,pumpdump/volume_bar_target_quantity,direct_or_derived_measurement,ACTIVITY_STATE,Data-derived base-quantity target that closes the volume-clock observation bar.,Direct/derived fact remains valid when its stated source observations are valid; historical Maturity is not required unless the metric itself depends on history.,,Activity context; Opportunity/Valuation; Historical context,Package name is legacy: do not emit or infer pump/dump/ignition/exhaustion/manipulation from activity facts alone.,,UNMAPPED_REVIEW,993c147ea9a3eb371c5b51d3210088bd8aec708a
pumpdump,volume_bar_quantity,pumpdump/volume_bar_quantity,direct_or_derived_measurement,ACTIVITY_STATE,Base quantity accumulated in the completed volume-clock bar.,Direct/derived fact remains valid when its stated source observations are valid; historical Maturity is not required unless the metric itself depends on history.,"Category:VerticalIgnition,CoiledCompression",Category(current; review semantics); Activity context; Opportunity/Valuation; Historical context,Package name is legacy: do not emit or infer pump/dump/ignition/exhaustion/manipulation from activity facts alone.,,KEEP_NAMED_USE,993c147ea9a3eb371c5b51d3210088bd8aec708a
pumpdump,volume_bar_notional,pumpdump/volume_bar_notional,direct_or_derived_measurement,ACTIVITY_STATE,Economic notional accumulated in the completed volume-clock bar.,Direct/derived fact remains valid when its stated source observations are valid; historical Maturity is not required unless the metric itself depends on history.,,Activity context; Opportunity/Valuation; Historical context,Package name is legacy: do not emit or infer pump/dump/ignition/exhaustion/manipulation from activity facts alone.,,UNMAPPED_REVIEW,993c147ea9a3eb371c5b51d3210088bd8aec708a
pumpdump,volume_bar_trade_count,pumpdump/volume_bar_trade_count,direct_or_derived_measurement,ACTIVITY_STATE,Execution count accumulated in the completed volume-clock bar.,Direct/derived fact remains valid when its stated source observations are valid; historical Maturity is not required unless the metric itself depends on history.,,Activity context; Opportunity/Valuation; Historical context,Package name is legacy: do not emit or infer pump/dump/ignition/exhaustion/manipulation from activity facts alone.,,UNMAPPED_REVIEW,993c147ea9a3eb371c5b51d3210088bd8aec708a
pumpdump,volume_bar_duration,pumpdump/volume_bar_duration,derived_dimensionless,ACTIVITY_STATE,Event-time duration required to complete the volume-clock bar.,Direct/derived fact remains valid when its stated source observations are valid; historical Maturity is not required unless the metric itself depends on history.,,Activity context; Opportunity/Valuation; Historical context,Package name is legacy: do not emit or infer pump/dump/ignition/exhaustion/manipulation from activity facts alone.,,UNMAPPED_REVIEW,993c147ea9a3eb371c5b51d3210088bd8aec708a
pumpdump,volume_rate,pumpdump/volume_rate,temporal_dynamic_or_rate,ACTIVITY_STATE,Completed base quantity per second over the volume-clock bar.,Direct/derived fact remains valid when its stated source observations are valid; historical Maturity is not required unless the metric itself depends on history.,Category:VerticalIgnition,Category(current; review semantics); Activity context; Opportunity/Valuation; Historical context,Package name is legacy: do not emit or infer pump/dump/ignition/exhaustion/manipulation from activity facts alone.,,KEEP_NAMED_USE,993c147ea9a3eb371c5b51d3210088bd8aec708a
pumpdump,notional_rate,pumpdump/notional_rate,temporal_dynamic_or_rate,ACTIVITY_STATE,Completed economic throughput per second over the volume-clock bar.,Direct/derived fact remains valid when its stated source observations are valid; historical Maturity is not required unless the metric itself depends on history.,,Activity context; Opportunity/Valuation; Historical context,Package name is legacy: do not emit or infer pump/dump/ignition/exhaustion/manipulation from activity facts alone.,,UNMAPPED_REVIEW,993c147ea9a3eb371c5b51d3210088bd8aec708a
pumpdump,trade_rate,pumpdump/trade_rate,temporal_dynamic_or_rate,ACTIVITY_STATE,Completed execution count per second over the volume-clock bar.,Direct/derived fact remains valid when its stated source observations are valid; historical Maturity is not required unless the metric itself depends on history.,,Activity context; Opportunity/Valuation; Historical context,Package name is legacy: do not emit or infer pump/dump/ignition/exhaustion/manipulation from activity facts alone.,,UNMAPPED_REVIEW,993c147ea9a3eb371c5b51d3210088bd8aec708a
pumpdump,notional_rate_velocity,pumpdump/notional_rate_velocity,temporal_dynamic_or_rate,CONTEXT_OR_MODEL_FEATURE,Event-time rate of change of the underlying `notional_rate_velocity` state.,Requires prior causal estimator/state appropriate to the metric; undefined until that prerequisite exists.,,Activity context; Opportunity/Valuation; Historical context,Package name is legacy: do not emit or infer pump/dump/ignition/exhaustion/manipulation from activity facts alone.,,UNMAPPED_REVIEW,993c147ea9a3eb371c5b51d3210088bd8aec708a
pumpdump,notional_rate_baseline,pumpdump/notional_rate_baseline,historical_reference,CONTEXT_OR_MODEL_FEATURE,Causal historical reference for `notional_rate`.,Requires prior causal estimator/state appropriate to the metric; undefined until that prerequisite exists.,,Activity context; Opportunity/Valuation; Historical context,"Package name is legacy: do not emit or infer pump/dump/ignition/exhaustion/manipulation from activity facts alone. Baseline is reference state, not a trading signal.",,UNMAPPED_REVIEW,993c147ea9a3eb371c5b51d3210088bd8aec708a
pumpdump,notional_rate_ratio,pumpdump/notional_rate_ratio,derived_dimensionless,ACTIVITY_STATE,Scale-free ratio form of the underlying `notional_rate_ratio` quantity for contextual/historical comparison.,Direct/derived fact remains valid when its stated source observations are valid; historical Maturity is not required unless the metric itself depends on history.,,Activity context; Opportunity/Valuation; Historical context,Package name is legacy: do not emit or infer pump/dump/ignition/exhaustion/manipulation from activity facts alone.,,UNMAPPED_REVIEW,993c147ea9a3eb371c5b51d3210088bd8aec708a
pumpdump,notional_rate_divergence,pumpdump/notional_rate_divergence,historical_comparison,CONTEXT_OR_MODEL_FEATURE,Current departure of the underlying `notional_rate_divergence` quantity from its causal historical reference.,Requires prior causal estimator/state appropriate to the metric; undefined until that prerequisite exists.,,Activity context; Opportunity/Valuation; Historical context,Package name is legacy: do not emit or infer pump/dump/ignition/exhaustion/manipulation from activity facts alone.,,UNMAPPED_REVIEW,993c147ea9a3eb371c5b51d3210088bd8aec708a
pumpdump,notional_rate_zscore,pumpdump/notional_rate_zscore,standardized_historical_comparison,CONTEXT_OR_MODEL_FEATURE,Standardized historical unusualness of the underlying `notional_rate_zscore` quantity.,"Requires a causal baseline/noise model. Definedness and estimator support matter; magnitude is unusualness, not probability.",Category:VerticalIgnition,Category(current; review semantics); Activity context; Opportunity/Valuation; Historical context,"Package name is legacy: do not emit or infer pump/dump/ignition/exhaustion/manipulation from activity facts alone. Z-score is standardized unusualness, not probability/confidence and not a universal [0,1] weight.",,KEEP_NAMED_USE,993c147ea9a3eb371c5b51d3210088bd8aec708a
pumpdump,midpoint:from,pumpdump/midpoint:from,direct_or_derived_measurement,ACTIVITY_STATE,Midpoint at start of the completed volume-clock bar.,Direct/derived fact remains valid when its stated source observations are valid; historical Maturity is not required unless the metric itself depends on history.,,Activity context; Opportunity/Valuation; Historical context,Package name is legacy: do not emit or infer pump/dump/ignition/exhaustion/manipulation from activity facts alone.,,UNMAPPED_REVIEW,993c147ea9a3eb371c5b51d3210088bd8aec708a
pumpdump,midpoint:at,pumpdump/midpoint:at,direct_or_derived_measurement,ACTIVITY_STATE,Midpoint at end of the completed volume-clock bar.,Direct/derived fact remains valid when its stated source observations are valid; historical Maturity is not required unless the metric itself depends on history.,,Activity context; Opportunity/Valuation; Historical context,Package name is legacy: do not emit or infer pump/dump/ignition/exhaustion/manipulation from activity facts alone.,,UNMAPPED_REVIEW,993c147ea9a3eb371c5b51d3210088bd8aec708a
pumpdump,midpoint,pumpdump/midpoint,direct_or_derived_measurement,ACTIVITY_STATE,Touch-price/spread context associated with the volume-clock activity observation.,Direct/derived fact remains valid when its stated source observations are valid; historical Maturity is not required unless the metric itself depends on history.,,Activity context; Opportunity/Valuation; Historical context,Package name is legacy: do not emit or infer pump/dump/ignition/exhaustion/manipulation from activity facts alone.,,UNMAPPED_REVIEW,993c147ea9a3eb371c5b51d3210088bd8aec708a
pumpdump,midpoint_log_return,pumpdump/midpoint_log_return,direct_or_derived_measurement,ACTIVITY_STATE,Midpoint log return over the completed volume-clock bar.,Direct/derived fact remains valid when its stated source observations are valid; historical Maturity is not required unless the metric itself depends on history.,,Activity context; Opportunity/Valuation; Historical context,Package name is legacy: do not emit or infer pump/dump/ignition/exhaustion/manipulation from activity facts alone.,,UNMAPPED_REVIEW,993c147ea9a3eb371c5b51d3210088bd8aec708a
pumpdump,midpoint_return_rate,pumpdump/midpoint_return_rate,temporal_dynamic_or_rate,ACTIVITY_STATE,Completed-bar midpoint response per second.,Direct/derived fact remains valid when its stated source observations are valid; historical Maturity is not required unless the metric itself depends on history.,,Activity context; Opportunity/Valuation; Historical context,Package name is legacy: do not emit or infer pump/dump/ignition/exhaustion/manipulation from activity facts alone.,,UNMAPPED_REVIEW,993c147ea9a3eb371c5b51d3210088bd8aec708a
pumpdump,positive_midpoint_return,pumpdump/positive_midpoint_return,direct_or_derived_measurement,ACTIVITY_STATE,"Positive component of completed-bar midpoint return; decomposition fact, not bullishness.",Direct/derived fact remains valid when its stated source observations are valid; historical Maturity is not required unless the metric itself depends on history.,,Activity context; Opportunity/Valuation; Historical context,Package name is legacy: do not emit or infer pump/dump/ignition/exhaustion/manipulation from activity facts alone.,,UNMAPPED_REVIEW,993c147ea9a3eb371c5b51d3210088bd8aec708a
pumpdump,negative_midpoint_return,pumpdump/negative_midpoint_return,direct_or_derived_measurement,ACTIVITY_STATE,"Negative component of completed-bar midpoint return; decomposition fact, not bearishness.",Direct/derived fact remains valid when its stated source observations are valid; historical Maturity is not required unless the metric itself depends on history.,,Activity context; Opportunity/Valuation; Historical context,Package name is legacy: do not emit or infer pump/dump/ignition/exhaustion/manipulation from activity facts alone.,,UNMAPPED_REVIEW,993c147ea9a3eb371c5b51d3210088bd8aec708a
pumpdump,midpoint_return_baseline,pumpdump/midpoint_return_baseline,historical_reference,CONTEXT_OR_MODEL_FEATURE,Causal historical reference for `midpoint_return`.,Requires prior causal estimator/state appropriate to the metric; undefined until that prerequisite exists.,,Activity context; Opportunity/Valuation; Historical context,"Package name is legacy: do not emit or infer pump/dump/ignition/exhaustion/manipulation from activity facts alone. Baseline is reference state, not a trading signal.",,UNMAPPED_REVIEW,993c147ea9a3eb371c5b51d3210088bd8aec708a
pumpdump,midpoint_return_divergence,pumpdump/midpoint_return_divergence,historical_comparison,CONTEXT_OR_MODEL_FEATURE,Current departure of the underlying `midpoint_return_divergence` quantity from its causal historical reference.,Requires prior causal estimator/state appropriate to the metric; undefined until that prerequisite exists.,,Activity context; Opportunity/Valuation; Historical context,Package name is legacy: do not emit or infer pump/dump/ignition/exhaustion/manipulation from activity facts alone.,,UNMAPPED_REVIEW,993c147ea9a3eb371c5b51d3210088bd8aec708a
pumpdump,midpoint_return_zscore,pumpdump/midpoint_return_zscore,standardized_historical_comparison,CONTEXT_OR_MODEL_FEATURE,Standardized historical unusualness of the underlying `midpoint_return_zscore` quantity.,"Requires a causal baseline/noise model. Definedness and estimator support matter; magnitude is unusualness, not probability.","Category:OrganicTrend,FadedExhaustion",Category(current; review semantics); Activity context; Opportunity/Valuation; Historical context,"Package name is legacy: do not emit or infer pump/dump/ignition/exhaustion/manipulation from activity facts alone. Z-score is standardized unusualness, not probability/confidence and not a universal [0,1] weight.",,KEEP_NAMED_USE,993c147ea9a3eb371c5b51d3210088bd8aec708a
pumpdump,midpoint_return_velocity,pumpdump/midpoint_return_velocity,temporal_dynamic_or_rate,CONTEXT_OR_MODEL_FEATURE,Event-time rate of change of the underlying `midpoint_return_velocity` state.,Requires prior causal estimator/state appropriate to the metric; undefined until that prerequisite exists.,,Activity context; Opportunity/Valuation; Historical context,Package name is legacy: do not emit or infer pump/dump/ignition/exhaustion/manipulation from activity facts alone.,,UNMAPPED_REVIEW,993c147ea9a3eb371c5b51d3210088bd8aec708a
pumpdump,best_bid,pumpdump/best_bid,derived_measurement,ACTIVITY_STATE,Touch-price/spread context associated with the volume-clock activity observation.,Direct/derived fact remains valid when its stated source observations are valid; historical Maturity is not required unless the metric itself depends on history.,,Activity context; Opportunity/Valuation; Historical context,Package name is legacy: do not emit or infer pump/dump/ignition/exhaustion/manipulation from activity facts alone.,,UNMAPPED_REVIEW,993c147ea9a3eb371c5b51d3210088bd8aec708a
pumpdump,best_ask,pumpdump/best_ask,derived_measurement,ACTIVITY_STATE,Touch-price/spread context associated with the volume-clock activity observation.,Direct/derived fact remains valid when its stated source observations are valid; historical Maturity is not required unless the metric itself depends on history.,,Activity context; Opportunity/Valuation; Historical context,Package name is legacy: do not emit or infer pump/dump/ignition/exhaustion/manipulation from activity facts alone.,,UNMAPPED_REVIEW,993c147ea9a3eb371c5b51d3210088bd8aec708a
pumpdump,spread,pumpdump/spread,direct_or_derived_measurement,ACTIVITY_STATE,Touch-price/spread context associated with the volume-clock activity observation.,Direct/derived fact remains valid when its stated source observations are valid; historical Maturity is not required unless the metric itself depends on history.,,Activity context; Opportunity/Valuation; Historical context,Package name is legacy: do not emit or infer pump/dump/ignition/exhaustion/manipulation from activity facts alone.,,UNMAPPED_REVIEW,993c147ea9a3eb371c5b51d3210088bd8aec708a
pumpdump,relative_spread,pumpdump/relative_spread,direct_or_derived_measurement,ACTIVITY_STATE,Touch-price/spread context associated with the volume-clock activity observation.,Direct/derived fact remains valid when its stated source observations are valid; historical Maturity is not required unless the metric itself depends on history.,Category:CoiledCompression,Category(current; review semantics); Activity context; Opportunity/Valuation; Historical context,Package name is legacy: do not emit or infer pump/dump/ignition/exhaustion/manipulation from activity facts alone.,,KEEP_NAMED_USE,993c147ea9a3eb371c5b51d3210088bd8aec708a
pumpdump,relative_spread_baseline,pumpdump/relative_spread_baseline,historical_reference,CONTEXT_OR_MODEL_FEATURE,Causal historical reference for `relative_spread`.,Requires prior causal estimator/state appropriate to the metric; undefined until that prerequisite exists.,,Activity context; Opportunity/Valuation; Historical context,"Package name is legacy: do not emit or infer pump/dump/ignition/exhaustion/manipulation from activity facts alone. Baseline is reference state, not a trading signal.",,UNMAPPED_REVIEW,993c147ea9a3eb371c5b51d3210088bd8aec708a
pumpdump,spread_ratio,pumpdump/spread_ratio,derived_dimensionless,ACTIVITY_STATE,Scale-free ratio form of the underlying `spread_ratio` quantity for contextual/historical comparison.,Direct/derived fact remains valid when its stated source observations are valid; historical Maturity is not required unless the metric itself depends on history.,,Activity context; Opportunity/Valuation; Historical context,Package name is legacy: do not emit or infer pump/dump/ignition/exhaustion/manipulation from activity facts alone.,,UNMAPPED_REVIEW,993c147ea9a3eb371c5b51d3210088bd8aec708a
pumpdump,spread_divergence,pumpdump/spread_divergence,historical_comparison,CONTEXT_OR_MODEL_FEATURE,Current departure of the underlying `spread_divergence` quantity from its causal historical reference.,Requires prior causal estimator/state appropriate to the metric; undefined until that prerequisite exists.,,Activity context; Opportunity/Valuation; Historical context,Package name is legacy: do not emit or infer pump/dump/ignition/exhaustion/manipulation from activity facts alone.,,UNMAPPED_REVIEW,993c147ea9a3eb371c5b51d3210088bd8aec708a
pumpdump,spread_zscore,pumpdump/spread_zscore,standardized_historical_comparison,CONTEXT_OR_MODEL_FEATURE,Standardized historical unusualness of the underlying `spread_zscore` quantity.,"Requires a causal baseline/noise model. Definedness and estimator support matter; magnitude is unusualness, not probability.",Category:CoiledCompression,Category(current; review semantics); Activity context; Opportunity/Valuation; Historical context,"Package name is legacy: do not emit or infer pump/dump/ignition/exhaustion/manipulation from activity facts alone. Z-score is standardized unusualness, not probability/confidence and not a universal [0,1] weight.",,KEEP_NAMED_USE,993c147ea9a3eb371c5b51d3210088bd8aec708a
pumpdump,spread_divergence_velocity,pumpdump/spread_divergence_velocity,historical_comparison,CONTEXT_OR_MODEL_FEATURE,Current departure of the underlying `spread_divergence_velocity` quantity from its causal historical reference.,Requires prior causal estimator/state appropriate to the metric; undefined until that prerequisite exists.,,Activity context; Opportunity/Valuation; Historical context,Package name is legacy: do not emit or infer pump/dump/ignition/exhaustion/manipulation from activity facts alone.,,UNMAPPED_REVIEW,993c147ea9a3eb371c5b51d3210088bd8aec708a
sentiment,return,sentiment/return,direct_or_derived_measurement,CROSS_SECTIONAL_CONTEXT,Focal symbol common-horizon log return within the explicit cohort snapshot.,Requires an explicit cohort and valid common-horizon/as-of membership. Cohort composition/age is part of the fact.,,Relative-state context; Opportunity/Valuation; Coordination context,"Do not interpret as social/news sentiment, market leadership, organic/synthetic movement, or continuation forecast.",,UNMAPPED_REVIEW,993c147ea9a3eb371c5b51d3210088bd8aec708a
sentiment,absolute_return,sentiment/absolute_return,direct_or_derived_measurement,CROSS_SECTIONAL_CONTEXT,Magnitude of focal common-horizon return.,Requires an explicit cohort and valid common-horizon/as-of membership. Cohort composition/age is part of the fact.,,Relative-state context; Opportunity/Valuation; Coordination context,"Do not interpret as social/news sentiment, market leadership, organic/synthetic movement, or continuation forecast.",,UNMAPPED_REVIEW,993c147ea9a3eb371c5b51d3210088bd8aec708a
sentiment,advance_count,sentiment/advance_count,direct_or_derived_measurement,CROSS_SECTIONAL_CONTEXT,Valid cohort members with positive return.,Requires an explicit cohort and valid common-horizon/as-of membership. Cohort composition/age is part of the fact.,,Relative-state context; Opportunity/Valuation; Coordination context,"Do not interpret as social/news sentiment, market leadership, organic/synthetic movement, or continuation forecast.",,UNMAPPED_REVIEW,993c147ea9a3eb371c5b51d3210088bd8aec708a
sentiment,decline_count,sentiment/decline_count,direct_or_derived_measurement,CROSS_SECTIONAL_CONTEXT,Valid cohort members with negative return.,Requires an explicit cohort and valid common-horizon/as-of membership. Cohort composition/age is part of the fact.,,Relative-state context; Opportunity/Valuation; Coordination context,"Do not interpret as social/news sentiment, market leadership, organic/synthetic movement, or continuation forecast.",,UNMAPPED_REVIEW,993c147ea9a3eb371c5b51d3210088bd8aec708a
sentiment,unchanged_count,sentiment/unchanged_count,direct_or_derived_measurement,CROSS_SECTIONAL_CONTEXT,Valid cohort members with zero return.,Requires an explicit cohort and valid common-horizon/as-of membership. Cohort composition/age is part of the fact.,,Relative-state context; Opportunity/Valuation; Coordination context,"Do not interpret as social/news sentiment, market leadership, organic/synthetic movement, or continuation forecast.",,UNMAPPED_REVIEW,993c147ea9a3eb371c5b51d3210088bd8aec708a
sentiment,valid_member_count,sentiment/valid_member_count,direct_or_derived_measurement,CROSS_SECTIONAL_CONTEXT,Members with valid comparable observations in this snapshot.,Requires an explicit cohort and valid common-horizon/as-of membership. Cohort composition/age is part of the fact.,,Relative-state context; Opportunity/Valuation; Coordination context,"Do not interpret as social/news sentiment, market leadership, organic/synthetic movement, or continuation forecast.",,UNMAPPED_REVIEW,993c147ea9a3eb371c5b51d3210088bd8aec708a
sentiment,cohort_member_count,sentiment/cohort_member_count,direct_or_derived_measurement,CROSS_SECTIONAL_CONTEXT,Configured cohort size; population provenance.,Requires an explicit cohort and valid common-horizon/as-of membership. Cohort composition/age is part of the fact.,,Relative-state context; Opportunity/Valuation; Coordination context,"Do not interpret as social/news sentiment, market leadership, organic/synthetic movement, or continuation forecast.",,UNMAPPED_REVIEW,993c147ea9a3eb371c5b51d3210088bd8aec708a
sentiment,excluded_member_count,sentiment/excluded_member_count,direct_or_derived_measurement,CROSS_SECTIONAL_CONTEXT,Configured members excluded for missing/stale/incomparable observations.,Requires an explicit cohort and valid common-horizon/as-of membership. Cohort composition/age is part of the fact.,,Relative-state context; Opportunity/Valuation; Coordination context,"Do not interpret as social/news sentiment, market leadership, organic/synthetic movement, or continuation forecast.",,UNMAPPED_REVIEW,993c147ea9a3eb371c5b51d3210088bd8aec708a
sentiment,same_direction_peer_count,sentiment/same_direction_peer_count,direct_or_derived_measurement,CROSS_SECTIONAL_CONTEXT,Peers moving in the focal return direction.,Requires an explicit cohort and valid common-horizon/as-of membership. Cohort composition/age is part of the fact.,,Relative-state context; Opportunity/Valuation; Coordination context,"Do not interpret as social/news sentiment, market leadership, organic/synthetic movement, or continuation forecast.",,UNMAPPED_REVIEW,993c147ea9a3eb371c5b51d3210088bd8aec708a
sentiment,opposite_direction_peer_count,sentiment/opposite_direction_peer_count,direct_or_derived_measurement,CROSS_SECTIONAL_CONTEXT,Peers moving opposite the focal return direction.,Requires an explicit cohort and valid common-horizon/as-of membership. Cohort composition/age is part of the fact.,,Relative-state context; Opportunity/Valuation; Coordination context,"Do not interpret as social/news sentiment, market leadership, organic/synthetic movement, or continuation forecast.",,UNMAPPED_REVIEW,993c147ea9a3eb371c5b51d3210088bd8aec708a
sentiment,zero_return_peer_count,sentiment/zero_return_peer_count,direct_or_derived_measurement,CROSS_SECTIONAL_CONTEXT,Peers with zero return.,Requires an explicit cohort and valid common-horizon/as-of membership. Cohort composition/age is part of the fact.,,Relative-state context; Opportunity/Valuation; Coordination context,"Do not interpret as social/news sentiment, market leadership, organic/synthetic movement, or continuation forecast.",,UNMAPPED_REVIEW,993c147ea9a3eb371c5b51d3210088bd8aec708a
sentiment,advance_fraction,sentiment/advance_fraction,derived_dimensionless,CROSS_SECTIONAL_CONTEXT,Fraction of valid members with positive return.,Requires an explicit cohort and valid common-horizon/as-of membership. Cohort composition/age is part of the fact.,Category:SystemicSlump,Category(current; review semantics); Relative-state context; Opportunity/Valuation; Coordination context,"Do not interpret as social/news sentiment, market leadership, organic/synthetic movement, or continuation forecast.",REVIEW: positive advance fraction mapped to SystemicSlump requires explicit polarity transform.,KEEP_REVIEW_CURRENT_USE,993c147ea9a3eb371c5b51d3210088bd8aec708a
sentiment,decline_fraction,sentiment/decline_fraction,derived_dimensionless,CROSS_SECTIONAL_CONTEXT,Fraction of valid members with negative return.,Requires an explicit cohort and valid common-horizon/as-of membership. Cohort composition/age is part of the fact.,,Relative-state context; Opportunity/Valuation; Coordination context,"Do not interpret as social/news sentiment, market leadership, organic/synthetic movement, or continuation forecast.",,UNMAPPED_REVIEW,993c147ea9a3eb371c5b51d3210088bd8aec708a
sentiment,unchanged_fraction,sentiment/unchanged_fraction,derived_dimensionless,CROSS_SECTIONAL_CONTEXT,Fraction of valid members with zero return.,Requires an explicit cohort and valid common-horizon/as-of membership. Cohort composition/age is part of the fact.,,Relative-state context; Opportunity/Valuation; Coordination context,"Do not interpret as social/news sentiment, market leadership, organic/synthetic movement, or continuation forecast.",,UNMAPPED_REVIEW,993c147ea9a3eb371c5b51d3210088bd8aec708a
sentiment,directional_participation,sentiment/directional_participation,derived_measurement,CROSS_SECTIONAL_CONTEXT,Fraction of valid members moving non-zero in either direction.,Requires an explicit cohort and valid common-horizon/as-of membership. Cohort composition/age is part of the fact.,,Relative-state context; Opportunity/Valuation; Coordination context,"Do not interpret as social/news sentiment, market leadership, organic/synthetic movement, or continuation forecast.",,UNMAPPED_REVIEW,993c147ea9a3eb371c5b51d3210088bd8aec708a
sentiment,directional_agreement,sentiment/directional_agreement,derived_measurement,CROSS_SECTIONAL_CONTEXT,Share of directional members on the majority side; direction-neutral agreement magnitude.,Requires an explicit cohort and valid common-horizon/as-of membership. Cohort composition/age is part of the fact.,Category:RiskOnSurge,Category(current; review semantics); Relative-state context; Opportunity/Valuation; Coordination context,"Do not interpret as social/news sentiment, market leadership, organic/synthetic movement, or continuation forecast.",,KEEP_NAMED_USE,993c147ea9a3eb371c5b51d3210088bd8aec708a
sentiment,directional_consensus,sentiment/directional_consensus,derived_measurement,CROSS_SECTIONAL_CONTEXT,Absolute positive-vs-negative participation imbalance among directional members.,Requires an explicit cohort and valid common-horizon/as-of membership. Cohort composition/age is part of the fact.,Category:RiskOnSurge,Category(current; review semantics); Relative-state context; Opportunity/Valuation; Coordination context,"Do not interpret as social/news sentiment, market leadership, organic/synthetic movement, or continuation forecast.",,KEEP_NAMED_USE,993c147ea9a3eb371c5b51d3210088bd8aec708a
sentiment,same_direction_peer_fraction,sentiment/same_direction_peer_fraction,derived_dimensionless,CROSS_SECTIONAL_CONTEXT,Fraction of peers moving with focal direction.,Requires an explicit cohort and valid common-horizon/as-of membership. Cohort composition/age is part of the fact.,,Relative-state context; Opportunity/Valuation; Coordination context,"Do not interpret as social/news sentiment, market leadership, organic/synthetic movement, or continuation forecast.",,UNMAPPED_REVIEW,993c147ea9a3eb371c5b51d3210088bd8aec708a
sentiment,opposite_direction_peer_fraction,sentiment/opposite_direction_peer_fraction,derived_dimensionless,CROSS_SECTIONAL_CONTEXT,Fraction of peers moving opposite focal direction.,Requires an explicit cohort and valid common-horizon/as-of membership. Cohort composition/age is part of the fact.,,Relative-state context; Opportunity/Valuation; Coordination context,"Do not interpret as social/news sentiment, market leadership, organic/synthetic movement, or continuation forecast.",,UNMAPPED_REVIEW,993c147ea9a3eb371c5b51d3210088bd8aec708a
sentiment,zero_return_peer_fraction,sentiment/zero_return_peer_fraction,derived_dimensionless,CROSS_SECTIONAL_CONTEXT,Fraction of peers unchanged.,Requires an explicit cohort and valid common-horizon/as-of membership. Cohort composition/age is part of the fact.,,Relative-state context; Opportunity/Valuation; Coordination context,"Do not interpret as social/news sentiment, market leadership, organic/synthetic movement, or continuation forecast.",,UNMAPPED_REVIEW,993c147ea9a3eb371c5b51d3210088bd8aec708a
sentiment,breadth,sentiment/breadth,derived_dimensionless,CROSS_SECTIONAL_CONTEXT,"Signed cross-sectional participation balance; cohort movement breadth, not bullishness label.",Requires an explicit cohort and valid common-horizon/as-of membership. Cohort composition/age is part of the fact.,,Relative-state context; Opportunity/Valuation; Coordination context,"Do not interpret as social/news sentiment, market leadership, organic/synthetic movement, or continuation forecast.",,UNMAPPED_REVIEW,993c147ea9a3eb371c5b51d3210088bd8aec708a
sentiment,breadth_baseline,sentiment/breadth_baseline,historical_reference,CONTEXT_OR_MODEL_FEATURE,Causal historical reference for `breadth`.,Requires prior causal estimator/state appropriate to the metric; undefined until that prerequisite exists.,,Relative-state context; Opportunity/Valuation; Coordination context,"Do not interpret as social/news sentiment, market leadership, organic/synthetic movement, or continuation forecast. Baseline is reference state, not a trading signal.",,UNMAPPED_REVIEW,993c147ea9a3eb371c5b51d3210088bd8aec708a
sentiment,breadth_divergence,sentiment/breadth_divergence,historical_comparison,CONTEXT_OR_MODEL_FEATURE,Current departure of the underlying `breadth_divergence` quantity from its causal historical reference.,Requires prior causal estimator/state appropriate to the metric; undefined until that prerequisite exists.,,Relative-state context; Opportunity/Valuation; Coordination context,"Do not interpret as social/news sentiment, market leadership, organic/synthetic movement, or continuation forecast.",,UNMAPPED_REVIEW,993c147ea9a3eb371c5b51d3210088bd8aec708a
sentiment,breadth_velocity,sentiment/breadth_velocity,temporal_dynamic_or_rate,CONTEXT_OR_MODEL_FEATURE,Event-time rate of change of the underlying `breadth_velocity` state.,Requires prior causal estimator/state appropriate to the metric; undefined until that prerequisite exists.,,Relative-state context; Opportunity/Valuation; Coordination context,"Do not interpret as social/news sentiment, market leadership, organic/synthetic movement, or continuation forecast.",,UNMAPPED_REVIEW,993c147ea9a3eb371c5b51d3210088bd8aec708a
sentiment,breadth_zscore,sentiment/breadth_zscore,standardized_historical_comparison,CONTEXT_OR_MODEL_FEATURE,Standardized historical unusualness of the underlying `breadth_zscore` quantity.,"Requires a causal baseline/noise model. Definedness and estimator support matter; magnitude is unusualness, not probability.",Category:SystemicSlump,Category(current; review semantics); Relative-state context; Opportunity/Valuation; Coordination context,"Do not interpret as social/news sentiment, market leadership, organic/synthetic movement, or continuation forecast. Z-score is standardized unusualness, not probability/confidence and not a universal [0,1] weight.",,KEEP_NAMED_USE,993c147ea9a3eb371c5b51d3210088bd8aec708a
sentiment,median_return,sentiment/median_return,direct_or_derived_measurement,CROSS_SECTIONAL_CONTEXT,Typical signed member return in the explicit cohort.,Requires an explicit cohort and valid common-horizon/as-of membership. Cohort composition/age is part of the fact.,,Relative-state context; Opportunity/Valuation; Coordination context,"Do not interpret as social/news sentiment, market leadership, organic/synthetic movement, or continuation forecast.",,UNMAPPED_REVIEW,993c147ea9a3eb371c5b51d3210088bd8aec708a
sentiment,median_return_baseline,sentiment/median_return_baseline,historical_reference,CONTEXT_OR_MODEL_FEATURE,Causal historical reference for `median_return`.,Requires prior causal estimator/state appropriate to the metric; undefined until that prerequisite exists.,,Relative-state context; Opportunity/Valuation; Coordination context,"Do not interpret as social/news sentiment, market leadership, organic/synthetic movement, or continuation forecast. Baseline is reference state, not a trading signal.",,UNMAPPED_REVIEW,993c147ea9a3eb371c5b51d3210088bd8aec708a
sentiment,median_return_divergence,sentiment/median_return_divergence,historical_comparison,CONTEXT_OR_MODEL_FEATURE,Current departure of the underlying `median_return_divergence` quantity from its causal historical reference.,Requires prior causal estimator/state appropriate to the metric; undefined until that prerequisite exists.,,Relative-state context; Opportunity/Valuation; Coordination context,"Do not interpret as social/news sentiment, market leadership, organic/synthetic movement, or continuation forecast.",,UNMAPPED_REVIEW,993c147ea9a3eb371c5b51d3210088bd8aec708a
sentiment,median_return_velocity,sentiment/median_return_velocity,temporal_dynamic_or_rate,CONTEXT_OR_MODEL_FEATURE,Event-time rate of change of the underlying `median_return_velocity` state.,Requires prior causal estimator/state appropriate to the metric; undefined until that prerequisite exists.,,Relative-state context; Opportunity/Valuation; Coordination context,"Do not interpret as social/news sentiment, market leadership, organic/synthetic movement, or continuation forecast.",,UNMAPPED_REVIEW,993c147ea9a3eb371c5b51d3210088bd8aec708a
sentiment,median_return_zscore,sentiment/median_return_zscore,standardized_historical_comparison,CONTEXT_OR_MODEL_FEATURE,Standardized historical unusualness of the underlying `median_return_zscore` quantity.,"Requires a causal baseline/noise model. Definedness and estimator support matter; magnitude is unusualness, not probability.",,Relative-state context; Opportunity/Valuation; Coordination context,"Do not interpret as social/news sentiment, market leadership, organic/synthetic movement, or continuation forecast. Z-score is standardized unusualness, not probability/confidence and not a universal [0,1] weight.",,UNMAPPED_REVIEW,993c147ea9a3eb371c5b51d3210088bd8aec708a
sentiment,median_absolute_return,sentiment/median_absolute_return,direct_or_derived_measurement,CROSS_SECTIONAL_CONTEXT,Typical movement magnitude in the cohort.,Requires an explicit cohort and valid common-horizon/as-of membership. Cohort composition/age is part of the fact.,,Relative-state context; Opportunity/Valuation; Coordination context,"Do not interpret as social/news sentiment, market leadership, organic/synthetic movement, or continuation forecast.",,UNMAPPED_REVIEW,993c147ea9a3eb371c5b51d3210088bd8aec708a
sentiment,median_absolute_return_baseline,sentiment/median_absolute_return_baseline,historical_reference,CONTEXT_OR_MODEL_FEATURE,Causal historical reference for `median_absolute_return`.,Requires prior causal estimator/state appropriate to the metric; undefined until that prerequisite exists.,,Relative-state context; Opportunity/Valuation; Coordination context,"Do not interpret as social/news sentiment, market leadership, organic/synthetic movement, or continuation forecast. Baseline is reference state, not a trading signal.",,UNMAPPED_REVIEW,993c147ea9a3eb371c5b51d3210088bd8aec708a
sentiment,median_absolute_return_ratio,sentiment/median_absolute_return_ratio,derived_dimensionless,CROSS_SECTIONAL_CONTEXT,Scale-free ratio form of the underlying `median_absolute_return_ratio` quantity for contextual/historical comparison.,Requires an explicit cohort and valid common-horizon/as-of membership. Cohort composition/age is part of the fact.,,Relative-state context; Opportunity/Valuation; Coordination context,"Do not interpret as social/news sentiment, market leadership, organic/synthetic movement, or continuation forecast.",,UNMAPPED_REVIEW,993c147ea9a3eb371c5b51d3210088bd8aec708a
sentiment,median_absolute_return_velocity,sentiment/median_absolute_return_velocity,temporal_dynamic_or_rate,CONTEXT_OR_MODEL_FEATURE,Event-time rate of change of the underlying `median_absolute_return_velocity` state.,Requires prior causal estimator/state appropriate to the metric; undefined until that prerequisite exists.,,Relative-state context; Opportunity/Valuation; Coordination context,"Do not interpret as social/news sentiment, market leadership, organic/synthetic movement, or continuation forecast.",,UNMAPPED_REVIEW,993c147ea9a3eb371c5b51d3210088bd8aec708a
sentiment,median_absolute_return_zscore,sentiment/median_absolute_return_zscore,standardized_historical_comparison,CONTEXT_OR_MODEL_FEATURE,Standardized historical unusualness of the underlying `median_absolute_return_zscore` quantity.,"Requires a causal baseline/noise model. Definedness and estimator support matter; magnitude is unusualness, not probability.",Category:DivergentMove,Category(current; review semantics); Relative-state context; Opportunity/Valuation; Coordination context,"Do not interpret as social/news sentiment, market leadership, organic/synthetic movement, or continuation forecast. Z-score is standardized unusualness, not probability/confidence and not a universal [0,1] weight.",,KEEP_NAMED_USE,993c147ea9a3eb371c5b51d3210088bd8aec708a
sentiment,mean_absolute_return,sentiment/mean_absolute_return,direct_or_derived_measurement,CROSS_SECTIONAL_CONTEXT,Mean movement magnitude across valid members.,Requires an explicit cohort and valid common-horizon/as-of membership. Cohort composition/age is part of the fact.,,Relative-state context; Opportunity/Valuation; Coordination context,"Do not interpret as social/news sentiment, market leadership, organic/synthetic movement, or continuation forecast.",,UNMAPPED_REVIEW,993c147ea9a3eb371c5b51d3210088bd8aec708a
sentiment,rms_return,sentiment/rms_return,direct_or_derived_measurement,CROSS_SECTIONAL_CONTEXT,RMS movement magnitude; sensitive to larger movers.,Requires an explicit cohort and valid common-horizon/as-of membership. Cohort composition/age is part of the fact.,,Relative-state context; Opportunity/Valuation; Coordination context,"Do not interpret as social/news sentiment, market leadership, organic/synthetic movement, or continuation forecast.",,UNMAPPED_REVIEW,993c147ea9a3eb371c5b51d3210088bd8aec708a
sentiment,return_interquartile_range,sentiment/return_interquartile_range,direct_or_derived_measurement,CROSS_SECTIONAL_CONTEXT,Robust spread of signed member returns.,Requires an explicit cohort and valid common-horizon/as-of membership. Cohort composition/age is part of the fact.,,Relative-state context; Opportunity/Valuation; Coordination context,"Do not interpret as social/news sentiment, market leadership, organic/synthetic movement, or continuation forecast.",,UNMAPPED_REVIEW,993c147ea9a3eb371c5b51d3210088bd8aec708a
sentiment,return_dispersion_baseline,sentiment/return_dispersion_baseline,historical_reference,CONTEXT_OR_MODEL_FEATURE,Causal historical reference for `return_dispersion`.,Requires prior causal estimator/state appropriate to the metric; undefined until that prerequisite exists.,,Relative-state context; Opportunity/Valuation; Coordination context,"Do not interpret as social/news sentiment, market leadership, organic/synthetic movement, or continuation forecast. Baseline is reference state, not a trading signal.",,UNMAPPED_REVIEW,993c147ea9a3eb371c5b51d3210088bd8aec708a
sentiment,return_dispersion_ratio,sentiment/return_dispersion_ratio,derived_dimensionless,CROSS_SECTIONAL_CONTEXT,Scale-free ratio form of the underlying `return_dispersion_ratio` quantity for contextual/historical comparison.,Requires an explicit cohort and valid common-horizon/as-of membership. Cohort composition/age is part of the fact.,,Relative-state context; Opportunity/Valuation; Coordination context,"Do not interpret as social/news sentiment, market leadership, organic/synthetic movement, or continuation forecast.",,UNMAPPED_REVIEW,993c147ea9a3eb371c5b51d3210088bd8aec708a
sentiment,return_dispersion_velocity,sentiment/return_dispersion_velocity,temporal_dynamic_or_rate,CONTEXT_OR_MODEL_FEATURE,Event-time rate of change of the underlying `return_dispersion_velocity` state.,Requires prior causal estimator/state appropriate to the metric; undefined until that prerequisite exists.,,Relative-state context; Opportunity/Valuation; Coordination context,"Do not interpret as social/news sentiment, market leadership, organic/synthetic movement, or continuation forecast.",,UNMAPPED_REVIEW,993c147ea9a3eb371c5b51d3210088bd8aec708a
sentiment,return_dispersion_zscore,sentiment/return_dispersion_zscore,standardized_historical_comparison,CONTEXT_OR_MODEL_FEATURE,Standardized historical unusualness of the underlying `return_dispersion_zscore` quantity.,"Requires a causal baseline/noise model. Definedness and estimator support matter; magnitude is unusualness, not probability.",Category:DivergentMove,Category(current; review semantics); Relative-state context; Opportunity/Valuation; Coordination context,"Do not interpret as social/news sentiment, market leadership, organic/synthetic movement, or continuation forecast. Z-score is standardized unusualness, not probability/confidence and not a universal [0,1] weight.",,KEEP_NAMED_USE,993c147ea9a3eb371c5b51d3210088bd8aec708a
sentiment,return_mad,sentiment/return_mad,direct_or_derived_measurement,CROSS_SECTIONAL_CONTEXT,Median absolute deviation of signed returns.,Requires an explicit cohort and valid common-horizon/as-of membership. Cohort composition/age is part of the fact.,,Relative-state context; Opportunity/Valuation; Coordination context,"Do not interpret as social/news sentiment, market leadership, organic/synthetic movement, or continuation forecast.",,UNMAPPED_REVIEW,993c147ea9a3eb371c5b51d3210088bd8aec708a
sentiment,magnitude_mad,sentiment/magnitude_mad,derived_measurement,CROSS_SECTIONAL_CONTEXT,Median absolute deviation of return magnitudes.,Requires an explicit cohort and valid common-horizon/as-of membership. Cohort composition/age is part of the fact.,,Relative-state context; Opportunity/Valuation; Coordination context,"Do not interpret as social/news sentiment, market leadership, organic/synthetic movement, or continuation forecast.",,UNMAPPED_REVIEW,993c147ea9a3eb371c5b51d3210088bd8aec708a
sentiment,largest_absolute_return,sentiment/largest_absolute_return,direct_or_derived_measurement,CROSS_SECTIONAL_CONTEXT,Magnitude of the unique/tied largest mover.,Requires an explicit cohort and valid common-horizon/as-of membership. Cohort composition/age is part of the fact.,,Relative-state context; Opportunity/Valuation; Coordination context,"Do not interpret as social/news sentiment, market leadership, organic/synthetic movement, or continuation forecast.",,UNMAPPED_REVIEW,993c147ea9a3eb371c5b51d3210088bd8aec708a
sentiment,largest_move_tie_count,sentiment/largest_move_tie_count,direct_or_derived_measurement,CROSS_SECTIONAL_CONTEXT,Tie provenance for the largest absolute move; determines whether unique-mover fields are defined.,Requires an explicit cohort and valid common-horizon/as-of membership. Cohort composition/age is part of the fact.,,Relative-state context; Opportunity/Valuation; Coordination context,"Do not interpret as social/news sentiment, market leadership, organic/synthetic movement, or continuation forecast.",,UNMAPPED_REVIEW,993c147ea9a3eb371c5b51d3210088bd8aec708a
sentiment,largest_move_excess,sentiment/largest_move_excess,derived_measurement,CROSS_SECTIONAL_CONTEXT,Largest move magnitude minus peer median magnitude.,Requires an explicit cohort and valid common-horizon/as-of membership. Cohort composition/age is part of the fact.,,Relative-state context; Opportunity/Valuation; Coordination context,"Do not interpret as social/news sentiment, market leadership, organic/synthetic movement, or continuation forecast.",,UNMAPPED_REVIEW,993c147ea9a3eb371c5b51d3210088bd8aec708a
sentiment,largest_move_mad_excess,sentiment/largest_move_mad_excess,derived_measurement,CROSS_SECTIONAL_CONTEXT,Largest move excess expressed in peer MAD units.,Requires an explicit cohort and valid common-horizon/as-of membership. Cohort composition/age is part of the fact.,,Relative-state context; Opportunity/Valuation; Coordination context,"Do not interpret as social/news sentiment, market leadership, organic/synthetic movement, or continuation forecast.",,UNMAPPED_REVIEW,993c147ea9a3eb371c5b51d3210088bd8aec708a
sentiment,largest_signed_return,sentiment/largest_signed_return,direct_or_derived_measurement,CROSS_SECTIONAL_CONTEXT,Signed return of a unique largest mover.,Requires an explicit cohort and valid common-horizon/as-of membership. Cohort composition/age is part of the fact.,,Relative-state context; Opportunity/Valuation; Coordination context,"Do not interpret as social/news sentiment, market leadership, organic/synthetic movement, or continuation forecast.",,UNMAPPED_REVIEW,993c147ea9a3eb371c5b51d3210088bd8aec708a
sentiment,largest_move_ratio,sentiment/largest_move_ratio,derived_dimensionless,CROSS_SECTIONAL_CONTEXT,Largest move magnitude relative to peer median magnitude.,Requires an explicit cohort and valid common-horizon/as-of membership. Cohort composition/age is part of the fact.,,Relative-state context; Opportunity/Valuation; Coordination context,"Do not interpret as social/news sentiment, market leadership, organic/synthetic movement, or continuation forecast.",,UNMAPPED_REVIEW,993c147ea9a3eb371c5b51d3210088bd8aec708a
sentiment,largest_move_ratio_baseline,sentiment/largest_move_ratio_baseline,historical_reference,CONTEXT_OR_MODEL_FEATURE,Causal historical reference for `largest_move_ratio`.,Requires prior causal estimator/state appropriate to the metric; undefined until that prerequisite exists.,,Relative-state context; Opportunity/Valuation; Coordination context,"Do not interpret as social/news sentiment, market leadership, organic/synthetic movement, or continuation forecast. Baseline is reference state, not a trading signal.",,UNMAPPED_REVIEW,993c147ea9a3eb371c5b51d3210088bd8aec708a
sentiment,largest_move_ratio_zscore,sentiment/largest_move_ratio_zscore,standardized_historical_comparison,CONTEXT_OR_MODEL_FEATURE,Standardized historical unusualness of the underlying `largest_move_ratio_zscore` quantity.,"Requires a causal baseline/noise model. Definedness and estimator support matter; magnitude is unusualness, not probability.",,Relative-state context; Opportunity/Valuation; Coordination context,"Do not interpret as social/news sentiment, market leadership, organic/synthetic movement, or continuation forecast. Z-score is standardized unusualness, not probability/confidence and not a universal [0,1] weight.",,UNMAPPED_REVIEW,993c147ea9a3eb371c5b51d3210088bd8aec708a
sentiment,largest_move_share,sentiment/largest_move_share,derived_measurement,CROSS_SECTIONAL_CONTEXT,Largest mover's share of aggregate absolute movement.,Requires an explicit cohort and valid common-horizon/as-of membership. Cohort composition/age is part of the fact.,,Relative-state context; Opportunity/Valuation; Coordination context,"Do not interpret as social/news sentiment, market leadership, organic/synthetic movement, or continuation forecast.",,UNMAPPED_REVIEW,993c147ea9a3eb371c5b51d3210088bd8aec708a
sentiment,largest_move_share_baseline,sentiment/largest_move_share_baseline,historical_reference,CONTEXT_OR_MODEL_FEATURE,Causal historical reference for `largest_move_share`.,Requires prior causal estimator/state appropriate to the metric; undefined until that prerequisite exists.,,Relative-state context; Opportunity/Valuation; Coordination context,"Do not interpret as social/news sentiment, market leadership, organic/synthetic movement, or continuation forecast. Baseline is reference state, not a trading signal.",,UNMAPPED_REVIEW,993c147ea9a3eb371c5b51d3210088bd8aec708a
sentiment,largest_move_share_zscore,sentiment/largest_move_share_zscore,standardized_historical_comparison,CONTEXT_OR_MODEL_FEATURE,Standardized historical unusualness of the underlying `largest_move_share_zscore` quantity.,"Requires a causal baseline/noise model. Definedness and estimator support matter; magnitude is unusualness, not probability.",,Relative-state context; Opportunity/Valuation; Coordination context,"Do not interpret as social/news sentiment, market leadership, organic/synthetic movement, or continuation forecast. Z-score is standardized unusualness, not probability/confidence and not a universal [0,1] weight.",,UNMAPPED_REVIEW,993c147ea9a3eb371c5b51d3210088bd8aec708a
sentiment,peer_median_absolute_return,sentiment/peer_median_absolute_return,direct_or_derived_measurement,CROSS_SECTIONAL_CONTEXT,Typical absolute movement among peers excluding the focal/extreme member.,Requires an explicit cohort and valid common-horizon/as-of membership. Cohort composition/age is part of the fact.,,Relative-state context; Opportunity/Valuation; Coordination context,"Do not interpret as social/news sentiment, market leadership, organic/synthetic movement, or continuation forecast.",,UNMAPPED_REVIEW,993c147ea9a3eb371c5b51d3210088bd8aec708a
sentiment,peer_magnitude_mad,sentiment/peer_magnitude_mad,derived_measurement,CROSS_SECTIONAL_CONTEXT,Robust peer movement-magnitude dispersion.,Requires an explicit cohort and valid common-horizon/as-of membership. Cohort composition/age is part of the fact.,,Relative-state context; Opportunity/Valuation; Coordination context,"Do not interpret as social/news sentiment, market leadership, organic/synthetic movement, or continuation forecast.",,UNMAPPED_REVIEW,993c147ea9a3eb371c5b51d3210088bd8aec708a
sentiment,median_asof_age_seconds,sentiment/median_asof_age_seconds,derived_measurement,CROSS_SECTIONAL_CONTEXT,Median staleness of member as-of observations.,Requires an explicit cohort and valid common-horizon/as-of membership. Cohort composition/age is part of the fact.,,Relative-state context; Opportunity/Valuation; Coordination context,"Do not interpret as social/news sentiment, market leadership, organic/synthetic movement, or continuation forecast.",,UNMAPPED_REVIEW,993c147ea9a3eb371c5b51d3210088bd8aec708a
sentiment,max_asof_age_seconds,sentiment/max_asof_age_seconds,derived_measurement,CROSS_SECTIONAL_CONTEXT,Worst staleness of member as-of observations.,Requires an explicit cohort and valid common-horizon/as-of membership. Cohort composition/age is part of the fact.,,Relative-state context; Opportunity/Valuation; Coordination context,"Do not interpret as social/news sentiment, market leadership, organic/synthetic movement, or continuation forecast.",,UNMAPPED_REVIEW,993c147ea9a3eb371c5b51d3210088bd8aec708a
sentiment,median_from_age_seconds,sentiment/median_from_age_seconds,derived_measurement,CROSS_SECTIONAL_CONTEXT,Median age of member interval start points.,Requires an explicit cohort and valid common-horizon/as-of membership. Cohort composition/age is part of the fact.,,Relative-state context; Opportunity/Valuation; Coordination context,"Do not interpret as social/news sentiment, market leadership, organic/synthetic movement, or continuation forecast.",,UNMAPPED_REVIEW,993c147ea9a3eb371c5b51d3210088bd8aec708a
sentiment,cohort_horizon_seconds,sentiment/cohort_horizon_seconds,derived_measurement,CROSS_SECTIONAL_CONTEXT,Common comparison horizon actually represented by the snapshot.,Requires an explicit cohort and valid common-horizon/as-of membership. Cohort composition/age is part of the fact.,,Relative-state context; Opportunity/Valuation; Coordination context,"Do not interpret as social/news sentiment, market leadership, organic/synthetic movement, or continuation forecast.",,UNMAPPED_REVIEW,993c147ea9a3eb371c5b51d3210088bd8aec708a
sentiment,asof_age_seconds,sentiment/asof_age_seconds,derived_measurement,CROSS_SECTIONAL_CONTEXT,Focal observation staleness within the snapshot.,Requires an explicit cohort and valid common-horizon/as-of membership. Cohort composition/age is part of the fact.,,Relative-state context; Opportunity/Valuation; Coordination context,"Do not interpret as social/news sentiment, market leadership, organic/synthetic movement, or continuation forecast.",,UNMAPPED_REVIEW,993c147ea9a3eb371c5b51d3210088bd8aec708a
sentiment,from_age_seconds,sentiment/from_age_seconds,derived_measurement,CROSS_SECTIONAL_CONTEXT,Age of focal comparison interval start.,Requires an explicit cohort and valid common-horizon/as-of membership. Cohort composition/age is part of the fact.,,Relative-state context; Opportunity/Valuation; Coordination context,"Do not interpret as social/news sentiment, market leadership, organic/synthetic movement, or continuation forecast.",,UNMAPPED_REVIEW,993c147ea9a3eb371c5b51d3210088bd8aec708a
toxicity,best_price:bid,toxicity/best_price:bid,direct_or_derived_measurement,LIQUIDITY_DISPOSITION,Current best bid price used for touch-disposition attribution.,Requires a valid comparable touch/trade bracket for attribution; feed/order ambiguity makes attribution undefined.,,Liquidity-disposition context; Opportunity/Valuation; PositionRisk context; Hindsight,"Do not infer fake liquidity, spoofing, malicious cancellation, support/resistance, or participant intent.",,UNMAPPED_REVIEW,993c147ea9a3eb371c5b51d3210088bd8aec708a
toxicity,best_price:ask,toxicity/best_price:ask,direct_or_derived_measurement,LIQUIDITY_DISPOSITION,Current best ask price used for touch-disposition attribution.,Requires a valid comparable touch/trade bracket for attribution; feed/order ambiguity makes attribution undefined.,,Liquidity-disposition context; Opportunity/Valuation; PositionRisk context; Hindsight,"Do not infer fake liquidity, spoofing, malicious cancellation, support/resistance, or participant intent.",,UNMAPPED_REVIEW,993c147ea9a3eb371c5b51d3210088bd8aec708a
toxicity,previous_best_price:bid,toxicity/previous_best_price:bid,direct_or_derived_measurement,LIQUIDITY_DISPOSITION,Prior comparable best bid price anchoring the disposition bracket.,Requires a valid comparable touch/trade bracket for attribution; feed/order ambiguity makes attribution undefined.,,Liquidity-disposition context; Opportunity/Valuation; PositionRisk context; Hindsight,"Do not infer fake liquidity, spoofing, malicious cancellation, support/resistance, or participant intent.",,UNMAPPED_REVIEW,993c147ea9a3eb371c5b51d3210088bd8aec708a
toxicity,previous_best_price:ask,toxicity/previous_best_price:ask,direct_or_derived_measurement,LIQUIDITY_DISPOSITION,Prior comparable best ask price anchoring the disposition bracket.,Requires a valid comparable touch/trade bracket for attribution; feed/order ambiguity makes attribution undefined.,,Liquidity-disposition context; Opportunity/Valuation; PositionRisk context; Hindsight,"Do not infer fake liquidity, spoofing, malicious cancellation, support/resistance, or participant intent.",,UNMAPPED_REVIEW,993c147ea9a3eb371c5b51d3210088bd8aec708a
toxicity,touch_quantity:bid,toxicity/touch_quantity:bid,direct_or_derived_measurement,LIQUIDITY_DISPOSITION,Current displayed touch quantity on the bid side.,Requires a valid comparable touch/trade bracket for attribution; feed/order ambiguity makes attribution undefined.,,Liquidity-disposition context; Opportunity/Valuation; PositionRisk context; Hindsight,"Do not infer fake liquidity, spoofing, malicious cancellation, support/resistance, or participant intent.",,UNMAPPED_REVIEW,993c147ea9a3eb371c5b51d3210088bd8aec708a
toxicity,touch_quantity:ask,toxicity/touch_quantity:ask,direct_or_derived_measurement,LIQUIDITY_DISPOSITION,Current displayed touch quantity on the ask side.,Requires a valid comparable touch/trade bracket for attribution; feed/order ambiguity makes attribution undefined.,,Liquidity-disposition context; Opportunity/Valuation; PositionRisk context; Hindsight,"Do not infer fake liquidity, spoofing, malicious cancellation, support/resistance, or participant intent.",,UNMAPPED_REVIEW,993c147ea9a3eb371c5b51d3210088bd8aec708a
toxicity,previous_touch_quantity:bid,toxicity/previous_touch_quantity:bid,direct_or_derived_measurement,LIQUIDITY_DISPOSITION,"Previous displayed touch quantity on the bid side, denominator for disposition fractions.",Requires a valid comparable touch/trade bracket for attribution; feed/order ambiguity makes attribution undefined.,,Liquidity-disposition context; Opportunity/Valuation; PositionRisk context; Hindsight,"Do not infer fake liquidity, spoofing, malicious cancellation, support/resistance, or participant intent.",,UNMAPPED_REVIEW,993c147ea9a3eb371c5b51d3210088bd8aec708a
toxicity,previous_touch_quantity:ask,toxicity/previous_touch_quantity:ask,direct_or_derived_measurement,LIQUIDITY_DISPOSITION,"Previous displayed touch quantity on the ask side, denominator for disposition fractions.",Requires a valid comparable touch/trade bracket for attribution; feed/order ambiguity makes attribution undefined.,,Liquidity-disposition context; Opportunity/Valuation; PositionRisk context; Hindsight,"Do not infer fake liquidity, spoofing, malicious cancellation, support/resistance, or participant intent.",,UNMAPPED_REVIEW,993c147ea9a3eb371c5b51d3210088bd8aec708a
toxicity,touch_price_log_change:bid,toxicity/touch_price_log_change:bid,direct_or_derived_measurement,LIQUIDITY_DISPOSITION,Log movement of the bid touch price across the attribution bracket.,Requires a valid comparable touch/trade bracket for attribution; feed/order ambiguity makes attribution undefined.,,Liquidity-disposition context; Opportunity/Valuation; PositionRisk context; Hindsight,"Do not infer fake liquidity, spoofing, malicious cancellation, support/resistance, or participant intent.",,UNMAPPED_REVIEW,993c147ea9a3eb371c5b51d3210088bd8aec708a
toxicity,touch_price_log_change:ask,toxicity/touch_price_log_change:ask,direct_or_derived_measurement,LIQUIDITY_DISPOSITION,Log movement of the ask touch price across the attribution bracket.,Requires a valid comparable touch/trade bracket for attribution; feed/order ambiguity makes attribution undefined.,,Liquidity-disposition context; Opportunity/Valuation; PositionRisk context; Hindsight,"Do not infer fake liquidity, spoofing, malicious cancellation, support/resistance, or participant intent.",,UNMAPPED_REVIEW,993c147ea9a3eb371c5b51d3210088bd8aec708a
toxicity,unfilled_residual_quantity:bid,toxicity/unfilled_residual_quantity:bid,direct_or_derived_measurement,LIQUIDITY_DISPOSITION,Previous bid touch quantity not explained by matched execution before disposition accounting.,Requires a valid comparable touch/trade bracket for attribution; feed/order ambiguity makes attribution undefined.,,Liquidity-disposition context; Opportunity/Valuation; PositionRisk context; Hindsight,"Do not infer fake liquidity, spoofing, malicious cancellation, support/resistance, or participant intent.",,UNMAPPED_REVIEW,993c147ea9a3eb371c5b51d3210088bd8aec708a
toxicity,unfilled_residual_quantity:ask,toxicity/unfilled_residual_quantity:ask,direct_or_derived_measurement,LIQUIDITY_DISPOSITION,Previous ask touch quantity not explained by matched execution before disposition accounting.,Requires a valid comparable touch/trade bracket for attribution; feed/order ambiguity makes attribution undefined.,,Liquidity-disposition context; Opportunity/Valuation; PositionRisk context; Hindsight,"Do not infer fake liquidity, spoofing, malicious cancellation, support/resistance, or participant intent.",,UNMAPPED_REVIEW,993c147ea9a3eb371c5b51d3210088bd8aec708a
toxicity,net_withdrawn_quantity:bid,toxicity/net_withdrawn_quantity:bid,direct_or_derived_measurement,LIQUIDITY_DISPOSITION,Unexplained displayed quantity removed from the previous bid touch after matched fills.,Requires a valid comparable touch/trade bracket for attribution; feed/order ambiguity makes attribution undefined.,,Liquidity-disposition context; Opportunity/Valuation; PositionRisk context; Hindsight,"Do not infer fake liquidity, spoofing, malicious cancellation, support/resistance, or participant intent.",,UNMAPPED_REVIEW,993c147ea9a3eb371c5b51d3210088bd8aec708a
toxicity,net_withdrawn_quantity:ask,toxicity/net_withdrawn_quantity:ask,direct_or_derived_measurement,LIQUIDITY_DISPOSITION,Unexplained displayed quantity removed from the previous ask touch after matched fills.,Requires a valid comparable touch/trade bracket for attribution; feed/order ambiguity makes attribution undefined.,,Liquidity-disposition context; Opportunity/Valuation; PositionRisk context; Hindsight,"Do not infer fake liquidity, spoofing, malicious cancellation, support/resistance, or participant intent.",,UNMAPPED_REVIEW,993c147ea9a3eb371c5b51d3210088bd8aec708a
toxicity,net_replenished_quantity:bid,toxicity/net_replenished_quantity:bid,direct_or_derived_measurement,LIQUIDITY_DISPOSITION,Displayed quantity restored/added at the same bid touch after disposition.,Requires a valid comparable touch/trade bracket for attribution; feed/order ambiguity makes attribution undefined.,,Liquidity-disposition context; Opportunity/Valuation; PositionRisk context; Hindsight,"Do not infer fake liquidity, spoofing, malicious cancellation, support/resistance, or participant intent.",,UNMAPPED_REVIEW,993c147ea9a3eb371c5b51d3210088bd8aec708a
toxicity,net_replenished_quantity:ask,toxicity/net_replenished_quantity:ask,direct_or_derived_measurement,LIQUIDITY_DISPOSITION,Displayed quantity restored/added at the same ask touch after disposition.,Requires a valid comparable touch/trade bracket for attribution; feed/order ambiguity makes attribution undefined.,,Liquidity-disposition context; Opportunity/Valuation; PositionRisk context; Hindsight,"Do not infer fake liquidity, spoofing, malicious cancellation, support/resistance, or participant intent.",,UNMAPPED_REVIEW,993c147ea9a3eb371c5b51d3210088bd8aec708a
toxicity,retreated_quantity:bid,toxicity/retreated_quantity:bid,direct_or_derived_measurement,LIQUIDITY_DISPOSITION,Quantity associated with bid touch retreat away from the prior price.,Requires a valid comparable touch/trade bracket for attribution; feed/order ambiguity makes attribution undefined.,,Liquidity-disposition context; Opportunity/Valuation; PositionRisk context; Hindsight,"Do not infer fake liquidity, spoofing, malicious cancellation, support/resistance, or participant intent.",,UNMAPPED_REVIEW,993c147ea9a3eb371c5b51d3210088bd8aec708a
toxicity,retreated_quantity:ask,toxicity/retreated_quantity:ask,direct_or_derived_measurement,LIQUIDITY_DISPOSITION,Quantity associated with ask touch retreat away from the prior price.,Requires a valid comparable touch/trade bracket for attribution; feed/order ambiguity makes attribution undefined.,,Liquidity-disposition context; Opportunity/Valuation; PositionRisk context; Hindsight,"Do not infer fake liquidity, spoofing, malicious cancellation, support/resistance, or participant intent.",,UNMAPPED_REVIEW,993c147ea9a3eb371c5b51d3210088bd8aec708a
toxicity,net_withdrawal_fraction:bid,toxicity/net_withdrawal_fraction:bid,derived_dimensionless,LIQUIDITY_DISPOSITION,Fraction of previous bid touch removed without matched execution.,Requires a valid comparable touch/trade bracket for attribution; feed/order ambiguity makes attribution undefined.,,Liquidity-disposition context; Opportunity/Valuation; PositionRisk context; Hindsight,"Do not infer fake liquidity, spoofing, malicious cancellation, support/resistance, or participant intent.",,UNMAPPED_REVIEW,993c147ea9a3eb371c5b51d3210088bd8aec708a
toxicity,net_withdrawal_fraction:ask,toxicity/net_withdrawal_fraction:ask,derived_dimensionless,LIQUIDITY_DISPOSITION,Fraction of previous ask touch removed without matched execution.,Requires a valid comparable touch/trade bracket for attribution; feed/order ambiguity makes attribution undefined.,,Liquidity-disposition context; Opportunity/Valuation; PositionRisk context; Hindsight,"Do not infer fake liquidity, spoofing, malicious cancellation, support/resistance, or participant intent.",,UNMAPPED_REVIEW,993c147ea9a3eb371c5b51d3210088bd8aec708a
toxicity,net_replenishment_fraction:bid,toxicity/net_replenishment_fraction:bid,derived_dimensionless,LIQUIDITY_DISPOSITION,Same-price replenishment relative to previous bid touch quantity.,Requires a valid comparable touch/trade bracket for attribution; feed/order ambiguity makes attribution undefined.,,Liquidity-disposition context; Opportunity/Valuation; PositionRisk context; Hindsight,"Do not infer fake liquidity, spoofing, malicious cancellation, support/resistance, or participant intent.",,UNMAPPED_REVIEW,993c147ea9a3eb371c5b51d3210088bd8aec708a
toxicity,net_replenishment_fraction:ask,toxicity/net_replenishment_fraction:ask,derived_dimensionless,LIQUIDITY_DISPOSITION,Same-price replenishment relative to previous ask touch quantity.,Requires a valid comparable touch/trade bracket for attribution; feed/order ambiguity makes attribution undefined.,,Liquidity-disposition context; Opportunity/Valuation; PositionRisk context; Hindsight,"Do not infer fake liquidity, spoofing, malicious cancellation, support/resistance, or participant intent.",,UNMAPPED_REVIEW,993c147ea9a3eb371c5b51d3210088bd8aec708a
toxicity,retreat_fraction:bid,toxicity/retreat_fraction:bid,derived_dimensionless,LIQUIDITY_DISPOSITION,Fractional bid touch retreat state.,Requires a valid comparable touch/trade bracket for attribution; feed/order ambiguity makes attribution undefined.,,Liquidity-disposition context; Opportunity/Valuation; PositionRisk context; Hindsight,"Do not infer fake liquidity, spoofing, malicious cancellation, support/resistance, or participant intent.",,UNMAPPED_REVIEW,993c147ea9a3eb371c5b51d3210088bd8aec708a
toxicity,retreat_fraction:ask,toxicity/retreat_fraction:ask,derived_dimensionless,LIQUIDITY_DISPOSITION,Fractional ask touch retreat state.,Requires a valid comparable touch/trade bracket for attribution; feed/order ambiguity makes attribution undefined.,,Liquidity-disposition context; Opportunity/Valuation; PositionRisk context; Hindsight,"Do not infer fake liquidity, spoofing, malicious cancellation, support/resistance, or participant intent.",,UNMAPPED_REVIEW,993c147ea9a3eb371c5b51d3210088bd8aec708a
toxicity,net_withdrawal_rate:bid,toxicity/net_withdrawal_rate:bid,temporal_dynamic_or_rate,LIQUIDITY_DISPOSITION,Unexplained withdrawal rate on the bid touch.,Requires a valid comparable touch/trade bracket for attribution; feed/order ambiguity makes attribution undefined.,,Liquidity-disposition context; Opportunity/Valuation; PositionRisk context; Hindsight,"Do not infer fake liquidity, spoofing, malicious cancellation, support/resistance, or participant intent.",,UNMAPPED_REVIEW,993c147ea9a3eb371c5b51d3210088bd8aec708a
toxicity,net_withdrawal_rate:ask,toxicity/net_withdrawal_rate:ask,temporal_dynamic_or_rate,LIQUIDITY_DISPOSITION,Unexplained withdrawal rate on the ask touch.,Requires a valid comparable touch/trade bracket for attribution; feed/order ambiguity makes attribution undefined.,,Liquidity-disposition context; Opportunity/Valuation; PositionRisk context; Hindsight,"Do not infer fake liquidity, spoofing, malicious cancellation, support/resistance, or participant intent.",,UNMAPPED_REVIEW,993c147ea9a3eb371c5b51d3210088bd8aec708a
toxicity,net_replenishment_rate:bid,toxicity/net_replenishment_rate:bid,temporal_dynamic_or_rate,LIQUIDITY_DISPOSITION,Same-price replenishment rate on the bid side.,Requires a valid comparable touch/trade bracket for attribution; feed/order ambiguity makes attribution undefined.,,Liquidity-disposition context; Opportunity/Valuation; PositionRisk context; Hindsight,"Do not infer fake liquidity, spoofing, malicious cancellation, support/resistance, or participant intent.",,UNMAPPED_REVIEW,993c147ea9a3eb371c5b51d3210088bd8aec708a
toxicity,net_replenishment_rate:ask,toxicity/net_replenishment_rate:ask,temporal_dynamic_or_rate,LIQUIDITY_DISPOSITION,Same-price replenishment rate on the ask side.,Requires a valid comparable touch/trade bracket for attribution; feed/order ambiguity makes attribution undefined.,,Liquidity-disposition context; Opportunity/Valuation; PositionRisk context; Hindsight,"Do not infer fake liquidity, spoofing, malicious cancellation, support/resistance, or participant intent.",,UNMAPPED_REVIEW,993c147ea9a3eb371c5b51d3210088bd8aec708a
toxicity,retreat_rate:bid,toxicity/retreat_rate:bid,temporal_dynamic_or_rate,LIQUIDITY_DISPOSITION,Rate of bid touch retreat.,Requires a valid comparable touch/trade bracket for attribution; feed/order ambiguity makes attribution undefined.,,Liquidity-disposition context; Opportunity/Valuation; PositionRisk context; Hindsight,"Do not infer fake liquidity, spoofing, malicious cancellation, support/resistance, or participant intent.",,UNMAPPED_REVIEW,993c147ea9a3eb371c5b51d3210088bd8aec708a
toxicity,retreat_rate:ask,toxicity/retreat_rate:ask,temporal_dynamic_or_rate,LIQUIDITY_DISPOSITION,Rate of ask touch retreat.,Requires a valid comparable touch/trade bracket for attribution; feed/order ambiguity makes attribution undefined.,,Liquidity-disposition context; Opportunity/Valuation; PositionRisk context; Hindsight,"Do not infer fake liquidity, spoofing, malicious cancellation, support/resistance, or participant intent.",,UNMAPPED_REVIEW,993c147ea9a3eb371c5b51d3210088bd8aec708a
toxicity,withdrawal_fraction_baseline:bid,toxicity/withdrawal_fraction_baseline:bid,historical_reference,CONTEXT_OR_MODEL_FEATURE,Causal historical reference for `withdrawal_fraction`.,Requires prior causal estimator/state appropriate to the metric; undefined until that prerequisite exists.,,Liquidity-disposition context; Opportunity/Valuation; PositionRisk context; Hindsight,"Do not infer fake liquidity, spoofing, malicious cancellation, support/resistance, or participant intent. Baseline is reference state, not a trading signal.",,UNMAPPED_REVIEW,993c147ea9a3eb371c5b51d3210088bd8aec708a
toxicity,withdrawal_fraction_baseline:ask,toxicity/withdrawal_fraction_baseline:ask,historical_reference,CONTEXT_OR_MODEL_FEATURE,Causal historical reference for `withdrawal_fraction`.,Requires prior causal estimator/state appropriate to the metric; undefined until that prerequisite exists.,,Liquidity-disposition context; Opportunity/Valuation; PositionRisk context; Hindsight,"Do not infer fake liquidity, spoofing, malicious cancellation, support/resistance, or participant intent. Baseline is reference state, not a trading signal.",,UNMAPPED_REVIEW,993c147ea9a3eb371c5b51d3210088bd8aec708a
toxicity,withdrawal_fraction_divergence:bid,toxicity/withdrawal_fraction_divergence:bid,historical_comparison,CONTEXT_OR_MODEL_FEATURE,Current departure of the underlying `withdrawal_fraction_divergence:bid` quantity from its causal historical reference.,Requires prior causal estimator/state appropriate to the metric; undefined until that prerequisite exists.,,Liquidity-disposition context; Opportunity/Valuation; PositionRisk context; Hindsight,"Do not infer fake liquidity, spoofing, malicious cancellation, support/resistance, or participant intent.",,UNMAPPED_REVIEW,993c147ea9a3eb371c5b51d3210088bd8aec708a
toxicity,withdrawal_fraction_divergence:ask,toxicity/withdrawal_fraction_divergence:ask,historical_comparison,CONTEXT_OR_MODEL_FEATURE,Current departure of the underlying `withdrawal_fraction_divergence:ask` quantity from its causal historical reference.,Requires prior causal estimator/state appropriate to the metric; undefined until that prerequisite exists.,,Liquidity-disposition context; Opportunity/Valuation; PositionRisk context; Hindsight,"Do not infer fake liquidity, spoofing, malicious cancellation, support/resistance, or participant intent.",,UNMAPPED_REVIEW,993c147ea9a3eb371c5b51d3210088bd8aec708a
toxicity,withdrawal_fraction_zscore:bid,toxicity/withdrawal_fraction_zscore:bid,standardized_historical_comparison,CONTEXT_OR_MODEL_FEATURE,Standardized historical unusualness of the underlying `withdrawal_fraction_zscore:bid` quantity.,"Requires a causal baseline/noise model. Definedness and estimator support matter; magnitude is unusualness, not probability.",Category:ToxicBluff,Category(current; review semantics); Liquidity-disposition context; Opportunity/Valuation; PositionRisk context; Hindsight,"Do not infer fake liquidity, spoofing, malicious cancellation, support/resistance, or participant intent. Z-score is standardized unusualness, not probability/confidence and not a universal [0,1] weight.",REVIEW: withdrawal unusualness can contribute to a bluff hypothesis only jointly; not proof of ToxicBluff.,KEEP_REVIEW_CURRENT_USE,993c147ea9a3eb371c5b51d3210088bd8aec708a
toxicity,withdrawal_fraction_zscore:ask,toxicity/withdrawal_fraction_zscore:ask,standardized_historical_comparison,CONTEXT_OR_MODEL_FEATURE,Standardized historical unusualness of the underlying `withdrawal_fraction_zscore:ask` quantity.,"Requires a causal baseline/noise model. Definedness and estimator support matter; magnitude is unusualness, not probability.",Category:ToxicBluff,Category(current; review semantics); Liquidity-disposition context; Opportunity/Valuation; PositionRisk context; Hindsight,"Do not infer fake liquidity, spoofing, malicious cancellation, support/resistance, or participant intent. Z-score is standardized unusualness, not probability/confidence and not a universal [0,1] weight.",REVIEW: withdrawal unusualness can contribute to a bluff hypothesis only jointly; not proof of ToxicBluff.,KEEP_REVIEW_CURRENT_USE,993c147ea9a3eb371c5b51d3210088bd8aec708a
toxicity,withdrawal_fraction_velocity:bid,toxicity/withdrawal_fraction_velocity:bid,temporal_dynamic_or_rate,CONTEXT_OR_MODEL_FEATURE,Event-time rate of change of the underlying `withdrawal_fraction_velocity:bid` state.,Requires prior causal estimator/state appropriate to the metric; undefined until that prerequisite exists.,,Liquidity-disposition context; Opportunity/Valuation; PositionRisk context; Hindsight,"Do not infer fake liquidity, spoofing, malicious cancellation, support/resistance, or participant intent.",,UNMAPPED_REVIEW,993c147ea9a3eb371c5b51d3210088bd8aec708a
toxicity,withdrawal_fraction_velocity:ask,toxicity/withdrawal_fraction_velocity:ask,temporal_dynamic_or_rate,CONTEXT_OR_MODEL_FEATURE,Event-time rate of change of the underlying `withdrawal_fraction_velocity:ask` state.,Requires prior causal estimator/state appropriate to the metric; undefined until that prerequisite exists.,,Liquidity-disposition context; Opportunity/Valuation; PositionRisk context; Hindsight,"Do not infer fake liquidity, spoofing, malicious cancellation, support/resistance, or participant intent.",,UNMAPPED_REVIEW,993c147ea9a3eb371c5b51d3210088bd8aec708a
toxicity,retreat_fraction_baseline:bid,toxicity/retreat_fraction_baseline:bid,historical_reference,CONTEXT_OR_MODEL_FEATURE,Causal historical reference for `retreat_fraction`.,Requires prior causal estimator/state appropriate to the metric; undefined until that prerequisite exists.,,Liquidity-disposition context; Opportunity/Valuation; PositionRisk context; Hindsight,"Do not infer fake liquidity, spoofing, malicious cancellation, support/resistance, or participant intent. Baseline is reference state, not a trading signal.",,UNMAPPED_REVIEW,993c147ea9a3eb371c5b51d3210088bd8aec708a
toxicity,retreat_fraction_baseline:ask,toxicity/retreat_fraction_baseline:ask,historical_reference,CONTEXT_OR_MODEL_FEATURE,Causal historical reference for `retreat_fraction`.,Requires prior causal estimator/state appropriate to the metric; undefined until that prerequisite exists.,,Liquidity-disposition context; Opportunity/Valuation; PositionRisk context; Hindsight,"Do not infer fake liquidity, spoofing, malicious cancellation, support/resistance, or participant intent. Baseline is reference state, not a trading signal.",,UNMAPPED_REVIEW,993c147ea9a3eb371c5b51d3210088bd8aec708a
toxicity,retreat_fraction_zscore:bid,toxicity/retreat_fraction_zscore:bid,standardized_historical_comparison,CONTEXT_OR_MODEL_FEATURE,Standardized historical unusualness of the underlying `retreat_fraction_zscore:bid` quantity.,"Requires a causal baseline/noise model. Definedness and estimator support matter; magnitude is unusualness, not probability.",,Liquidity-disposition context; Opportunity/Valuation; PositionRisk context; Hindsight,"Do not infer fake liquidity, spoofing, malicious cancellation, support/resistance, or participant intent. Z-score is standardized unusualness, not probability/confidence and not a universal [0,1] weight.",,UNMAPPED_REVIEW,993c147ea9a3eb371c5b51d3210088bd8aec708a
toxicity,retreat_fraction_zscore:ask,toxicity/retreat_fraction_zscore:ask,standardized_historical_comparison,CONTEXT_OR_MODEL_FEATURE,Standardized historical unusualness of the underlying `retreat_fraction_zscore:ask` quantity.,"Requires a causal baseline/noise model. Definedness and estimator support matter; magnitude is unusualness, not probability.",,Liquidity-disposition context; Opportunity/Valuation; PositionRisk context; Hindsight,"Do not infer fake liquidity, spoofing, malicious cancellation, support/resistance, or participant intent. Z-score is standardized unusualness, not probability/confidence and not a universal [0,1] weight.",,UNMAPPED_REVIEW,993c147ea9a3eb371c5b51d3210088bd8aec708a
toxicity,bracket_trade_quantity,toxicity/bracket_trade_quantity,direct_or_derived_measurement,LIQUIDITY_DISPOSITION,Total executed quantity observed in the attribution bracket.,Requires a valid comparable touch/trade bracket for attribution; feed/order ambiguity makes attribution undefined.,,Liquidity-disposition context; Opportunity/Valuation; PositionRisk context; Hindsight,"Do not infer fake liquidity, spoofing, malicious cancellation, support/resistance, or participant intent.",,UNMAPPED_REVIEW,993c147ea9a3eb371c5b51d3210088bd8aec708a
toxicity,matched_touch_trade_quantity:bid,toxicity/matched_touch_trade_quantity:bid,direct_or_derived_measurement,LIQUIDITY_DISPOSITION,Trade quantity exactly attributable to the previous bid touch price.,Requires a valid comparable touch/trade bracket for attribution; feed/order ambiguity makes attribution undefined.,,Liquidity-disposition context; Opportunity/Valuation; PositionRisk context; Hindsight,"Do not infer fake liquidity, spoofing, malicious cancellation, support/resistance, or participant intent.",,UNMAPPED_REVIEW,993c147ea9a3eb371c5b51d3210088bd8aec708a
toxicity,matched_touch_trade_quantity:ask,toxicity/matched_touch_trade_quantity:ask,direct_or_derived_measurement,LIQUIDITY_DISPOSITION,Trade quantity exactly attributable to the previous ask touch price.,Requires a valid comparable touch/trade bracket for attribution; feed/order ambiguity makes attribution undefined.,,Liquidity-disposition context; Opportunity/Valuation; PositionRisk context; Hindsight,"Do not infer fake liquidity, spoofing, malicious cancellation, support/resistance, or participant intent.",,UNMAPPED_REVIEW,993c147ea9a3eb371c5b51d3210088bd8aec708a
toxicity,touch_fill_quantity:bid,toxicity/touch_fill_quantity:bid,direct_or_derived_measurement,LIQUIDITY_DISPOSITION,Previous bid touch quantity accounted for by matched executions.,Requires a valid comparable touch/trade bracket for attribution; feed/order ambiguity makes attribution undefined.,,Liquidity-disposition context; Opportunity/Valuation; PositionRisk context; Hindsight,"Do not infer fake liquidity, spoofing, malicious cancellation, support/resistance, or participant intent.",,UNMAPPED_REVIEW,993c147ea9a3eb371c5b51d3210088bd8aec708a
toxicity,touch_fill_quantity:ask,toxicity/touch_fill_quantity:ask,direct_or_derived_measurement,LIQUIDITY_DISPOSITION,Previous ask touch quantity accounted for by matched executions.,Requires a valid comparable touch/trade bracket for attribution; feed/order ambiguity makes attribution undefined.,,Liquidity-disposition context; Opportunity/Valuation; PositionRisk context; Hindsight,"Do not infer fake liquidity, spoofing, malicious cancellation, support/resistance, or participant intent.",,UNMAPPED_REVIEW,993c147ea9a3eb371c5b51d3210088bd8aec708a
toxicity,touch_fill_fraction:bid,toxicity/touch_fill_fraction:bid,derived_dimensionless,LIQUIDITY_DISPOSITION,Fraction of previous bid touch quantity accounted for by executions.,Requires a valid comparable touch/trade bracket for attribution; feed/order ambiguity makes attribution undefined.,,Liquidity-disposition context; Opportunity/Valuation; PositionRisk context; Hindsight,"Do not infer fake liquidity, spoofing, malicious cancellation, support/resistance, or participant intent.",,UNMAPPED_REVIEW,993c147ea9a3eb371c5b51d3210088bd8aec708a
toxicity,touch_fill_fraction:ask,toxicity/touch_fill_fraction:ask,derived_dimensionless,LIQUIDITY_DISPOSITION,Fraction of previous ask touch quantity accounted for by executions.,Requires a valid comparable touch/trade bracket for attribution; feed/order ambiguity makes attribution undefined.,,Liquidity-disposition context; Opportunity/Valuation; PositionRisk context; Hindsight,"Do not infer fake liquidity, spoofing, malicious cancellation, support/resistance, or participant intent.",,UNMAPPED_REVIEW,993c147ea9a3eb371c5b51d3210088bd8aec708a
toxicity,touch_fill_rate:bid,toxicity/touch_fill_rate:bid,temporal_dynamic_or_rate,LIQUIDITY_DISPOSITION,Execution-attributed depletion rate of the previous bid touch.,Requires a valid comparable touch/trade bracket for attribution; feed/order ambiguity makes attribution undefined.,,Liquidity-disposition context; Opportunity/Valuation; PositionRisk context; Hindsight,"Do not infer fake liquidity, spoofing, malicious cancellation, support/resistance, or participant intent.",,UNMAPPED_REVIEW,993c147ea9a3eb371c5b51d3210088bd8aec708a
toxicity,touch_fill_rate:ask,toxicity/touch_fill_rate:ask,temporal_dynamic_or_rate,LIQUIDITY_DISPOSITION,Execution-attributed depletion rate of the previous ask touch.,Requires a valid comparable touch/trade bracket for attribution; feed/order ambiguity makes attribution undefined.,,Liquidity-disposition context; Opportunity/Valuation; PositionRisk context; Hindsight,"Do not infer fake liquidity, spoofing, malicious cancellation, support/resistance, or participant intent.",,UNMAPPED_REVIEW,993c147ea9a3eb371c5b51d3210088bd8aec708a
toxicity,fill_fraction_baseline:bid,toxicity/fill_fraction_baseline:bid,historical_reference,CONTEXT_OR_MODEL_FEATURE,Causal historical reference for `fill_fraction`.,Requires prior causal estimator/state appropriate to the metric; undefined until that prerequisite exists.,,Liquidity-disposition context; Opportunity/Valuation; PositionRisk context; Hindsight,"Do not infer fake liquidity, spoofing, malicious cancellation, support/resistance, or participant intent. Baseline is reference state, not a trading signal.",,UNMAPPED_REVIEW,993c147ea9a3eb371c5b51d3210088bd8aec708a
toxicity,fill_fraction_baseline:ask,toxicity/fill_fraction_baseline:ask,historical_reference,CONTEXT_OR_MODEL_FEATURE,Causal historical reference for `fill_fraction`.,Requires prior causal estimator/state appropriate to the metric; undefined until that prerequisite exists.,,Liquidity-disposition context; Opportunity/Valuation; PositionRisk context; Hindsight,"Do not infer fake liquidity, spoofing, malicious cancellation, support/resistance, or participant intent. Baseline is reference state, not a trading signal.",,UNMAPPED_REVIEW,993c147ea9a3eb371c5b51d3210088bd8aec708a
toxicity,fill_fraction_divergence:bid,toxicity/fill_fraction_divergence:bid,historical_comparison,CONTEXT_OR_MODEL_FEATURE,Current departure of the underlying `fill_fraction_divergence:bid` quantity from its causal historical reference.,Requires prior causal estimator/state appropriate to the metric; undefined until that prerequisite exists.,,Liquidity-disposition context; Opportunity/Valuation; PositionRisk context; Hindsight,"Do not infer fake liquidity, spoofing, malicious cancellation, support/resistance, or participant intent.",,UNMAPPED_REVIEW,993c147ea9a3eb371c5b51d3210088bd8aec708a
toxicity,fill_fraction_divergence:ask,toxicity/fill_fraction_divergence:ask,historical_comparison,CONTEXT_OR_MODEL_FEATURE,Current departure of the underlying `fill_fraction_divergence:ask` quantity from its causal historical reference.,Requires prior causal estimator/state appropriate to the metric; undefined until that prerequisite exists.,,Liquidity-disposition context; Opportunity/Valuation; PositionRisk context; Hindsight,"Do not infer fake liquidity, spoofing, malicious cancellation, support/resistance, or participant intent.",,UNMAPPED_REVIEW,993c147ea9a3eb371c5b51d3210088bd8aec708a
toxicity,fill_fraction_zscore:bid,toxicity/fill_fraction_zscore:bid,standardized_historical_comparison,CONTEXT_OR_MODEL_FEATURE,Standardized historical unusualness of the underlying `fill_fraction_zscore:bid` quantity.,"Requires a causal baseline/noise model. Definedness and estimator support matter; magnitude is unusualness, not probability.",Category:LiquidityVacuum,Category(current; review semantics); Liquidity-disposition context; Opportunity/Valuation; PositionRisk context; Hindsight,"Do not infer fake liquidity, spoofing, malicious cancellation, support/resistance, or participant intent. Z-score is standardized unusualness, not probability/confidence and not a universal [0,1] weight.",,KEEP_NAMED_USE,993c147ea9a3eb371c5b51d3210088bd8aec708a
toxicity,fill_fraction_zscore:ask,toxicity/fill_fraction_zscore:ask,standardized_historical_comparison,CONTEXT_OR_MODEL_FEATURE,Standardized historical unusualness of the underlying `fill_fraction_zscore:ask` quantity.,"Requires a causal baseline/noise model. Definedness and estimator support matter; magnitude is unusualness, not probability.",Category:LiquidityVacuum,Category(current; review semantics); Liquidity-disposition context; Opportunity/Valuation; PositionRisk context; Hindsight,"Do not infer fake liquidity, spoofing, malicious cancellation, support/resistance, or participant intent. Z-score is standardized unusualness, not probability/confidence and not a universal [0,1] weight.",,KEEP_NAMED_USE,993c147ea9a3eb371c5b51d3210088bd8aec708a
toxicity,fill_fraction_velocity:bid,toxicity/fill_fraction_velocity:bid,temporal_dynamic_or_rate,CONTEXT_OR_MODEL_FEATURE,Event-time rate of change of the underlying `fill_fraction_velocity:bid` state.,Requires prior causal estimator/state appropriate to the metric; undefined until that prerequisite exists.,,Liquidity-disposition context; Opportunity/Valuation; PositionRisk context; Hindsight,"Do not infer fake liquidity, spoofing, malicious cancellation, support/resistance, or participant intent.",,UNMAPPED_REVIEW,993c147ea9a3eb371c5b51d3210088bd8aec708a
toxicity,fill_fraction_velocity:ask,toxicity/fill_fraction_velocity:ask,temporal_dynamic_or_rate,CONTEXT_OR_MODEL_FEATURE,Event-time rate of change of the underlying `fill_fraction_velocity:ask` state.,Requires prior causal estimator/state appropriate to the metric; undefined until that prerequisite exists.,,Liquidity-disposition context; Opportunity/Valuation; PositionRisk context; Hindsight,"Do not infer fake liquidity, spoofing, malicious cancellation, support/resistance, or participant intent.",,UNMAPPED_REVIEW,993c147ea9a3eb371c5b51d3210088bd8aec708a
